order_id,payment_type,payment_value
o00000,credit_card,35.07
o00001,credit_card,43.92
o00002,credit_card,35.23
o00003,boleto,41.23
o00004,credit_card,53.1
o00005,boleto,34.84
o00006,credit_card,97.76
o00007,credit_card,40.79
o00008,boleto,115.13
o00009,boleto,63.13
o00010,boleto,35.57
o00011,debit_card,136.83
o00012,boleto,76.13
o00013,debit_card,48.89
o00014,credit_card,40.97
o00015,credit_card,56.93
o00016,boleto,132.65
o00017,credit_card,96.47
o00018,credit_card,92.65
o00019,credit_card,163.47
o00020,credit_card,77.04
o00021,boleto,173.67
o00022,credit_card,183.29
o00023,credit_card,30.77
o00024,credit_card,26.9
o00025,credit_card,37.67
o00026,credit_card,124.44
o00027,credit_card,57.54
o00028,credit_card,53.86
o00029,credit_card,102.3
o00030,credit_card,47.64
o00031,voucher,71.63
o00032,credit_card,89.26
o00033,credit_card,39.37
o00034,boleto,35.07
o00035,credit_card,66.16
o00036,credit_card,70.83
o00037,credit_card,97.65
o00038,debit_card,184.58
o00039,credit_card,37.21
o00040,boleto,44.02
o00041,credit_card,182.03
o00042,voucher,111.43
o00043,credit_card,60.41
o00044,credit_card,122.56
o00045,credit_card,37.28
o00046,credit_card,56.77
o00047,credit_card,14.07
o00048,credit_card,70.5
o00049,credit_card,53.43
o00050,boleto,54.42
o00051,voucher,94.78
o00052,credit_card,112.38
o00053,voucher,50.54
o00054,credit_card,31.57
o00055,credit_card,28.55
o00056,credit_card,21.97
o00057,voucher,161.63
o00058,boleto,95.01
o00059,credit_card,83.28
o00060,credit_card,47.22
o00061,credit_card,47.08
o00062,credit_card,114.65
o00063,boleto,26.96
o00064,boleto,51.67
o00065,credit_card,125.05
o00066,credit_card,51.62
o00067,credit_card,92.18
o00068,credit_card,61.71
o00069,credit_card,15.77
o00070,credit_card,60.32
o00071,credit_card,66.89
o00072,credit_card,57.86
o00073,credit_card,34.26
o00074,credit_card,58.2
o00075,credit_card,22.61
o00076,credit_card,51.34
o00077,credit_card,96.55
o00078,credit_card,155.68
o00079,credit_card,138.98
o00080,credit_card,36.8
o00081,credit_card,29.15
o00082,credit_card,70.51
o00083,credit_card,64.54
o00084,debit_card,88.24
o00085,credit_card,45.22
o00086,credit_card,65.62
o00087,boleto,63.72
o00088,credit_card,52.27
o00089,credit_card,26.07
o00090,voucher,95.71
o00091,boleto,70.78
o00092,boleto,99.7
o00093,boleto,114.59
o00094,credit_card,60.74
o00095,boleto,96.07
o00096,credit_card,158.14
o00097,credit_card,194.42
o00098,credit_card,75.63
o00099,boleto,79.0
o00100,credit_card,74.91
o00101,credit_card,86.44
o00102,credit_card,111.53
o00103,credit_card,74.03
o00104,credit_card,186.52
o00105,credit_card,168.46
o00106,credit_card,66.79
o00107,credit_card,66.57
o00108,credit_card,50.23
o00109,credit_card,89.18
o00110,credit_card,54.7
o00111,credit_card,49.02
o00112,credit_card,88.04
o00113,credit_card,35.81
o00114,boleto,112.73
o00115,credit_card,90.12
o00116,credit_card,162.48
o00117,credit_card,76.4
o00118,boleto,98.48
o00119,boleto,18.47
o00120,voucher,106.34
o00121,credit_card,131.88
o00122,voucher,71.7
o00123,boleto,50.03
o00124,boleto,77.41
o00125,voucher,112.65
o00126,credit_card,122.08
o00127,credit_card,26.19
o00128,boleto,328.44
o00129,boleto,49.16
o00130,boleto,99.5
o00131,credit_card,141.64
o00132,credit_card,63.44
o00133,credit_card,125.15
o00134,credit_card,26.08
o00135,voucher,21.67
o00136,credit_card,128.1
o00137,credit_card,118.31
o00138,debit_card,251.06
o00139,credit_card,83.01
o00140,credit_card,112.87
o00141,credit_card,171.63
o00142,credit_card,144.59
o00143,credit_card,65.51
o00144,credit_card,76.99
o00145,boleto,59.51
o00146,credit_card,55.46
o00147,credit_card,105.96
o00148,credit_card,59.16
o00149,credit_card,105.81
o00150,credit_card,63.4
o00151,debit_card,68.62
o00152,credit_card,42.44
o00153,credit_card,104.13
o00154,credit_card,25.35
o00155,credit_card,131.21
o00156,credit_card,241.0
o00157,debit_card,69.96
o00158,credit_card,68.23
o00159,credit_card,29.39
o00160,credit_card,50.78
o00161,credit_card,113.63
o00162,credit_card,123.91
o00163,credit_card,75.01
o00164,boleto,109.5
o00165,credit_card,42.87
o00166,credit_card,85.18
o00167,credit_card,153.78
o00168,voucher,95.07
o00169,boleto,169.81
o00170,credit_card,173.41
o00171,credit_card,88.41
o00172,credit_card,12.24
o00173,credit_card,122.27
o00174,credit_card,34.1
o00175,credit_card,16.53
o00176,boleto,23.67
o00177,credit_card,127.8
o00178,credit_card,88.83
o00179,debit_card,76.18
o00180,credit_card,93.91
o00181,credit_card,24.37
o00182,credit_card,59.37
o00183,credit_card,46.65
o00184,boleto,72.84
o00185,boleto,74.33
o00186,credit_card,91.54
o00187,debit_card,99.96
o00188,credit_card,24.96
o00189,credit_card,59.82
o00190,credit_card,67.42
o00191,boleto,33.61
o00192,credit_card,31.89
o00193,voucher,23.73
o00194,credit_card,29.73
o00195,credit_card,109.09
o00196,credit_card,26.97
o00197,credit_card,29.2
o00198,credit_card,71.14
o00199,boleto,84.97
o00200,credit_card,66.25
o00201,credit_card,36.96
o00202,credit_card,32.24
o00203,credit_card,70.03
o00204,debit_card,359.82
o00205,credit_card,62.25
o00206,credit_card,53.88
o00207,voucher,106.13
o00208,debit_card,60.03
o00209,credit_card,30.86
o00210,voucher,54.05
o00211,boleto,90.69
o00212,boleto,58.05
o00213,credit_card,89.73
o00214,boleto,100.58
o00215,credit_card,60.14
o00216,voucher,66.08
o00217,boleto,56.06
o00218,boleto,90.92
o00219,credit_card,55.12
o00220,credit_card,85.71
o00221,credit_card,75.03
o00222,credit_card,23.6
o00223,debit_card,88.5
o00224,credit_card,71.13
o00225,boleto,134.61
o00226,boleto,34.4
o00227,credit_card,75.73
o00228,voucher,50.99
o00229,credit_card,24.88
o00230,credit_card,21.43
o00231,boleto,152.85
o00232,credit_card,75.87
o00233,credit_card,59.03
o00234,credit_card,28.23
o00235,credit_card,146.82
o00236,credit_card,44.17
o00237,credit_card,77.92
o00238,voucher,69.57
o00239,credit_card,196.13
o00240,credit_card,65.19
o00241,boleto,49.3
o00242,credit_card,76.53
o00243,credit_card,81.33
o00244,credit_card,305.54
o00245,boleto,64.58
o00246,credit_card,33.83
o00247,voucher,53.89
o00248,credit_card,76.43
o00249,credit_card,84.61
o00250,voucher,26.97
o00251,credit_card,50.49
o00252,credit_card,188.01
o00253,boleto,39.76
o00254,boleto,107.66
o00255,credit_card,54.88
o00256,credit_card,66.7
o00257,voucher,28.62
o00258,boleto,57.79
o00259,credit_card,75.89
o00260,credit_card,65.03
o00261,credit_card,59.78
o00262,credit_card,91.19
o00263,boleto,32.19
o00264,credit_card,77.93
o00265,credit_card,20.64
o00266,credit_card,126.86
o00267,credit_card,60.89
o00268,credit_card,103.29
o00269,credit_card,14.51
o00270,credit_card,94.63
o00271,credit_card,43.37
o00272,voucher,66.95
o00273,credit_card,95.54
o00274,boleto,63.56
o00275,boleto,88.9
o00276,credit_card,55.31
o00277,credit_card,133.34
o00278,credit_card,60.79
o00279,credit_card,61.47
o00280,credit_card,62.09
o00281,credit_card,65.93
o00282,credit_card,32.97
o00283,credit_card,39.12
o00284,credit_card,112.73
o00285,boleto,103.25
o00286,boleto,99.31
o00287,boleto,84.25
o00288,credit_card,49.86
o00289,credit_card,47.23
o00290,boleto,64.41
o00291,credit_card,123.79
o00292,credit_card,73.48
o00293,credit_card,38.15
o00294,credit_card,29.67
o00295,credit_card,105.22
o00296,credit_card,149.46
o00297,boleto,26.32
o00298,credit_card,107.36
o00299,voucher,83.11
o00300,debit_card,42.62
o00301,credit_card,74.02
o00302,credit_card,35.12
o00303,credit_card,58.3
o00304,voucher,66.37
o00305,debit_card,132.52
o00306,credit_card,56.79
o00307,credit_card,45.04
o00308,credit_card,79.55
o00309,credit_card,90.29
o00310,boleto,44.2
o00311,credit_card,37.42
o00312,credit_card,39.02
o00313,credit_card,132.82
o00314,debit_card,88.0
o00315,boleto,54.82
o00316,voucher,119.01
o00317,credit_card,44.02
o00318,voucher,63.04
o00319,credit_card,34.83
o00320,boleto,115.82
o00321,credit_card,42.24
o00322,credit_card,42.72
o00323,credit_card,80.56
o00324,credit_card,19.77
o00325,credit_card,31.19
o00326,boleto,97.42
o00327,credit_card,38.73
o00328,boleto,243.89
o00329,credit_card,71.87
o00330,credit_card,25.45
o00331,boleto,16.76
o00332,credit_card,154.48
o00333,debit_card,71.83
o00334,boleto,59.11
o00335,credit_card,71.68
o00336,credit_card,25.36
o00337,credit_card,64.16
o00338,credit_card,40.11
o00339,credit_card,62.03
o00340,credit_card,50.56
o00341,credit_card,69.64
o00342,credit_card,54.79
o00343,credit_card,48.89
o00344,boleto,37.92
o00345,credit_card,25.9
o00346,credit_card,23.38
o00347,credit_card,31.72
o00348,credit_card,92.99
o00349,credit_card,36.86
o00350,credit_card,44.79
o00351,credit_card,45.0
o00352,credit_card,50.99
o00353,credit_card,83.83
o00354,credit_card,54.51
o00355,credit_card,103.55
o00356,boleto,31.9
o00357,credit_card,97.09
o00358,credit_card,142.49
o00359,credit_card,63.71
o00360,boleto,35.54
o00361,credit_card,84.79
o00362,credit_card,64.33
o00363,credit_card,76.44
o00364,credit_card,105.39
o00365,boleto,52.29
o00366,credit_card,48.04
o00367,credit_card,281.46
o00368,credit_card,85.42
o00369,credit_card,116.87
o00370,credit_card,101.7
o00371,credit_card,117.78
o00372,voucher,77.92
o00373,voucher,109.07
o00374,credit_card,44.93
o00375,credit_card,25.59
o00376,credit_card,39.27
o00377,credit_card,59.31
o00378,credit_card,55.2
o00379,credit_card,64.53
o00380,credit_card,43.59
o00381,credit_card,20.96
o00382,credit_card,51.53
o00383,credit_card,29.97
o00384,credit_card,63.04
o00385,credit_card,80.05
o00386,credit_card,51.0
o00387,credit_card,34.45
o00388,credit_card,66.35
o00389,credit_card,293.73
o00390,voucher,85.4
o00391,credit_card,89.14
o00392,credit_card,48.26
o00393,credit_card,40.76
o00394,credit_card,117.95
o00395,credit_card,17.68
o00396,credit_card,42.9
o00397,voucher,164.43
o00398,credit_card,60.96
o00399,boleto,27.14
o00400,credit_card,81.41
o00401,credit_card,51.18
o00402,credit_card,24.28
o00403,boleto,72.88
o00404,boleto,66.96
o00405,credit_card,64.85
o00406,credit_card,84.7
o00407,credit_card,33.35
o00408,boleto,77.06
o00409,credit_card,69.66
o00410,credit_card,116.4
o00411,voucher,42.61
o00412,credit_card,129.53
o00413,credit_card,100.64
o00414,credit_card,59.66
o00415,credit_card,64.83
o00416,credit_card,18.34
o00417,credit_card,63.83
o00418,credit_card,96.49
o00419,boleto,54.8
o00420,credit_card,116.22
o00421,boleto,82.22
o00422,credit_card,200.27
o00423,credit_card,44.16
o00424,boleto,91.08
o00425,credit_card,30.39
o00426,boleto,57.51
o00427,boleto,85.03
o00428,credit_card,94.45
o00429,credit_card,52.56
o00430,credit_card,124.22
o00431,voucher,141.86
o00432,boleto,44.42
o00433,credit_card,58.49
o00434,credit_card,55.25
o00435,credit_card,48.24
o00436,credit_card,136.11
o00437,credit_card,135.1
o00438,boleto,56.26
o00439,credit_card,90.82
o00440,boleto,115.38
o00441,voucher,73.43
o00442,credit_card,53.99
o00443,boleto,42.8
o00444,boleto,95.99
o00445,credit_card,31.63
o00446,credit_card,54.77
o00447,credit_card,49.88
o00448,credit_card,30.67
o00449,voucher,61.02
o00450,credit_card,57.82
o00451,boleto,38.37
o00452,credit_card,132.79
o00453,credit_card,96.39
o00454,credit_card,65.4
o00455,boleto,105.36
o00456,voucher,121.06
o00457,credit_card,136.69
o00458,credit_card,44.02
o00459,credit_card,105.33
o00460,credit_card,57.95
o00461,credit_card,72.02
o00462,credit_card,45.18
o00463,credit_card,63.73
o00464,credit_card,106.27
o00465,debit_card,160.08
o00466,credit_card,60.38
o00467,boleto,39.0
o00468,credit_card,176.59
o00469,credit_card,43.14
o00470,credit_card,25.87
o00471,voucher,47.06
o00472,boleto,19.11
o00473,credit_card,117.36
o00474,voucher,23.52
o00475,boleto,41.69
o00476,credit_card,34.09
o00477,credit_card,68.3
o00478,credit_card,160.13
o00479,credit_card,83.11
o00480,boleto,31.38
o00481,credit_card,222.04
o00482,credit_card,77.56
o00483,credit_card,110.08
o00484,credit_card,28.17
o00485,credit_card,195.38
o00486,credit_card,52.03
o00487,credit_card,27.05
o00488,credit_card,72.9
o00489,voucher,110.04
o00490,credit_card,90.54
o00491,boleto,89.6
o00492,debit_card,85.86
o00493,credit_card,69.26
o00494,boleto,28.11
o00495,credit_card,57.48
o00496,credit_card,53.32
o00497,credit_card,137.05
o00498,credit_card,117.47
o00499,boleto,49.67
o00500,credit_card,99.6
o00501,boleto,62.01
o00502,boleto,25.93
o00503,credit_card,18.43
o00504,credit_card,92.6
o00505,credit_card,36.22
o00506,boleto,36.14
o00507,boleto,43.76
o00508,credit_card,93.83
o00509,boleto,118.48
o00510,credit_card,116.9
o00511,boleto,24.5
o00512,boleto,42.8
o00513,credit_card,39.34
o00514,boleto,93.79
o00515,debit_card,25.82
o00516,credit_card,43.15
o00517,credit_card,59.58
o00518,credit_card,98.91
o00519,boleto,66.0
o00520,credit_card,77.37
o00521,credit_card,58.41
o00522,credit_card,110.91
o00523,credit_card,117.88
o00524,credit_card,85.84
o00525,credit_card,118.18
o00526,credit_card,279.18
o00527,credit_card,97.88
o00528,boleto,63.15
o00529,credit_card,78.4
o00530,credit_card,125.83
o00531,credit_card,51.7
o00532,debit_card,32.21
o00533,credit_card,49.52
o00534,voucher,77.64
o00535,credit_card,62.51
o00536,debit_card,39.15
o00537,credit_card,71.0
o00538,credit_card,142.84
o00539,credit_card,84.18
o00540,boleto,35.29
o00541,boleto,92.12
o00542,credit_card,55.78
o00543,boleto,213.01
o00544,credit_card,87.87
o00545,credit_card,46.88
o00546,credit_card,96.26
o00547,credit_card,73.87
o00548,credit_card,134.0
o00549,voucher,49.38
o00550,credit_card,87.76
o00551,boleto,28.13
o00552,credit_card,69.3
o00553,credit_card,34.81
o00554,boleto,72.51
o00555,credit_card,81.76
o00556,credit_card,85.8
o00557,credit_card,49.34
o00558,credit_card,70.47
o00559,credit_card,123.53
o00560,credit_card,172.18
o00561,credit_card,71.82
o00562,boleto,125.68
o00563,credit_card,40.87
o00564,credit_card,53.43
o00565,boleto,76.29
o00566,debit_card,62.74
o00567,credit_card,59.25
o00568,credit_card,117.52
o00569,boleto,37.61
o00570,credit_card,39.51
o00571,credit_card,32.16
o00572,credit_card,77.6
o00573,credit_card,55.74
o00574,voucher,110.54
o00575,credit_card,73.89
o00576,boleto,48.75
o00577,credit_card,44.97
o00578,boleto,18.5
o00579,credit_card,60.69
o00580,credit_card,35.06
o00581,credit_card,119.26
o00582,credit_card,54.3
o00583,credit_card,29.52
o00584,credit_card,134.54
o00585,credit_card,61.18
o00586,credit_card,91.79
o00587,credit_card,49.11
o00588,boleto,137.55
o00589,boleto,41.95
o00590,credit_card,55.72
o00591,boleto,25.21
o00592,voucher,135.38
o00593,credit_card,45.98
o00594,credit_card,78.64
o00595,credit_card,85.09
o00596,boleto,121.58
o00597,credit_card,75.33
o00598,credit_card,63.17
o00599,credit_card,113.89
o00600,boleto,84.27
o00601,credit_card,58.03
o00602,credit_card,139.33
o00603,credit_card,88.08
o00604,debit_card,33.62
o00605,credit_card,156.16
o00606,credit_card,48.46
o00607,credit_card,121.2
o00608,credit_card,29.77
o00609,boleto,113.45
o00610,boleto,34.62
o00611,boleto,74.21
o00612,credit_card,86.66
o00613,boleto,58.7
o00614,credit_card,67.29
o00615,credit_card,38.3
o00616,credit_card,106.3
o00617,debit_card,76.44
o00618,boleto,41.82
o00619,credit_card,78.09
o00620,credit_card,79.47
o00621,credit_card,69.08
o00622,credit_card,18.61
o00623,credit_card,54.27
o00624,voucher,105.32
o00625,credit_card,89.48
o00626,credit_card,87.92
o00627,debit_card,76.11
o00628,credit_card,112.82
o00629,credit_card,48.31
o00630,credit_card,43.19
o00631,credit_card,183.4
o00632,credit_card,45.73
o00633,voucher,33.04
o00634,credit_card,58.13
o00635,boleto,70.49
o00636,credit_card,113.26
o00637,credit_card,54.33
o00638,credit_card,54.09
o00639,voucher,66.93
o00640,voucher,49.56
o00641,credit_card,29.95
o00642,voucher,34.31
o00643,boleto,132.66
o00644,credit_card,98.99
o00645,voucher,65.68
o00646,boleto,89.31
o00647,debit_card,100.75
o00648,credit_card,46.97
o00649,debit_card,38.1
o00650,credit_card,124.11
o00651,credit_card,20.6
o00652,credit_card,90.14
o00653,voucher,73.64
o00654,credit_card,116.48
o00655,voucher,92.07
o00656,credit_card,88.98
o00657,credit_card,40.03
o00658,credit_card,103.06
o00659,credit_card,83.84
o00660,credit_card,42.68
o00661,credit_card,74.01
o00662,credit_card,35.94
o00663,debit_card,21.03
o00664,voucher,60.78
o00665,boleto,238.92
o00666,credit_card,38.94
o00667,boleto,29.8
o00668,boleto,34.51
o00669,voucher,60.32
o00670,credit_card,96.04
o00671,debit_card,68.03
o00672,credit_card,31.83
o00673,credit_card,95.31
o00674,voucher,23.83
o00675,boleto,33.55
o00676,credit_card,48.5
o00677,credit_card,121.38
o00678,credit_card,69.53
o00679,credit_card,71.06
o00680,voucher,32.1
o00681,boleto,51.04
o00682,boleto,110.61
o00683,boleto,80.79
o00684,voucher,97.38
o00685,credit_card,65.45
o00686,credit_card,111.35
o00687,voucher,32.0
o00688,credit_card,59.54
o00689,boleto,87.82
o00690,credit_card,27.21
o00691,credit_card,16.52
o00692,boleto,183.51
o00693,credit_card,70.07
o00694,credit_card,25.94
o00695,credit_card,69.08
o00696,credit_card,33.8
o00697,boleto,40.02
o00698,credit_card,123.97
o00699,credit_card,49.13
o00700,credit_card,48.92
o00701,credit_card,33.27
o00702,credit_card,54.73
o00703,credit_card,72.62
o00704,credit_card,49.1
o00705,credit_card,218.6
o00706,credit_card,37.35
o00707,credit_card,37.24
o00708,credit_card,53.56
o00709,boleto,200.0
o00710,credit_card,98.34
o00711,boleto,48.25
o00712,debit_card,41.79
o00713,credit_card,48.27
o00714,credit_card,36.65
o00715,credit_card,52.74
o00716,credit_card,58.65
o00717,boleto,95.65
o00718,credit_card,84.15
o00719,credit_card,51.82
o00720,credit_card,151.0
o00721,credit_card,44.89
o00722,credit_card,29.51
o00723,credit_card,74.56
o00724,credit_card,118.25
o00725,credit_card,64.03
o00726,credit_card,32.62
o00727,credit_card,71.18
o00728,credit_card,76.29
o00729,credit_card,80.91
o00730,credit_card,71.99
o00731,credit_card,128.27
o00732,credit_card,36.21
o00733,credit_card,13.7
o00734,boleto,23.84
o00735,credit_card,32.39
o00736,debit_card,105.78
o00737,voucher,54.72
o00738,voucher,159.11
o00739,credit_card,34.9
o00740,credit_card,156.94
o00741,credit_card,40.24
o00742,credit_card,58.6
o00743,credit_card,26.03
o00744,credit_card,143.17
o00745,credit_card,63.0
o00746,boleto,225.87
o00747,credit_card,121.71
o00748,boleto,57.82
o00749,credit_card,43.56
o00750,boleto,108.68
o00751,voucher,66.69
o00752,credit_card,42.37
o00753,voucher,69.41
o00754,boleto,22.1
o00755,boleto,81.81
o00756,voucher,91.13
o00757,credit_card,34.29
o00758,boleto,130.5
o00759,credit_card,113.39
o00760,credit_card,77.56
o00761,boleto,38.77
o00762,credit_card,94.4
o00763,credit_card,53.14
o00764,credit_card,73.01
o00765,credit_card,99.87
o00766,credit_card,29.77
o00767,credit_card,25.51
o00768,credit_card,50.4
o00769,boleto,198.43
o00770,credit_card,232.94
o00771,credit_card,80.74
o00772,credit_card,115.39
o00773,boleto,64.47
o00774,credit_card,69.45
o00775,credit_card,58.56
o00776,credit_card,124.35
o00777,voucher,160.34
o00778,credit_card,68.54
o00779,credit_card,69.28
o00780,credit_card,60.22
o00781,credit_card,163.12
o00782,credit_card,106.54
o00783,credit_card,38.31
o00784,credit_card,194.12
o00785,credit_card,18.25
o00786,boleto,152.21
o00787,credit_card,118.05
o00788,boleto,68.66
o00789,boleto,67.72
o00790,credit_card,61.91
o00791,credit_card,39.24
o00792,credit_card,183.27
o00793,credit_card,66.59
o00794,boleto,38.88
o00795,credit_card,175.53
o00796,credit_card,86.07
o00797,credit_card,89.14
o00798,credit_card,204.35
o00799,boleto,96.57
o00800,credit_card,47.1
o00801,credit_card,96.48
o00802,credit_card,41.07
o00803,credit_card,51.9
o00804,credit_card,79.24
o00805,credit_card,114.29
o00806,credit_card,48.54
o00807,credit_card,60.92
o00808,credit_card,60.56
o00809,credit_card,127.04
o00810,credit_card,67.67
o00811,credit_card,192.26
o00812,voucher,51.88
o00813,credit_card,49.67
o00814,credit_card,150.36
o00815,credit_card,91.83
o00816,boleto,280.96
o00817,boleto,146.63
o00818,credit_card,33.69
o00819,debit_card,66.78
o00820,boleto,79.18
o00821,credit_card,76.02
o00822,boleto,61.46
o00823,credit_card,75.15
o00824,credit_card,77.44
o00825,credit_card,48.95
o00826,credit_card,123.75
o00827,credit_card,176.99
o00828,credit_card,101.48
o00829,credit_card,84.47
o00830,boleto,64.43
o00831,credit_card,78.8
o00832,credit_card,83.45
o00833,debit_card,39.31
o00834,voucher,119.91
o00835,credit_card,53.76
o00836,credit_card,155.77
o00837,credit_card,12.24
o00838,credit_card,73.75
o00839,credit_card,121.23
o00840,credit_card,100.56
o00841,credit_card,33.91
o00842,credit_card,146.55
o00843,debit_card,44.68
o00844,credit_card,51.86
o00845,credit_card,54.31
o00846,credit_card,28.06
o00847,voucher,75.69
o00848,credit_card,126.08
o00849,credit_card,153.22
o00850,credit_card,61.45
o00851,voucher,67.35
o00852,boleto,104.8
o00853,boleto,62.39
o00854,credit_card,133.42
o00855,debit_card,65.52
o00856,credit_card,41.61
o00857,credit_card,76.81
o00858,credit_card,30.63
o00859,credit_card,76.23
o00860,credit_card,84.66
o00861,credit_card,44.8
o00862,boleto,82.74
o00863,credit_card,58.36
o00864,credit_card,43.85
o00865,credit_card,28.64
o00866,credit_card,32.29
o00867,boleto,166.62
o00868,debit_card,57.09
o00869,credit_card,83.47
o00870,credit_card,61.17
o00871,credit_card,169.47
o00872,credit_card,43.96
o00873,credit_card,70.58
o00874,credit_card,51.67
o00875,credit_card,120.39
o00876,boleto,82.96
o00877,credit_card,69.14
o00878,voucher,34.41
o00879,credit_card,225.01
o00880,credit_card,62.14
o00881,credit_card,40.31
o00882,credit_card,28.7
o00883,voucher,31.78
o00884,credit_card,68.77
o00885,boleto,121.59
o00886,credit_card,79.82
o00887,credit_card,29.5
o00888,boleto,68.69
o00889,credit_card,145.72
o00890,credit_card,56.03
o00891,credit_card,79.96
o00892,credit_card,57.36
o00893,credit_card,90.32
o00894,debit_card,43.61
o00895,credit_card,12.63
o00896,credit_card,35.4
o00897,voucher,52.33
o00898,credit_card,64.93
o00899,credit_card,53.44
o00900,boleto,52.87
o00901,credit_card,122.24
o00902,boleto,38.26
o00903,credit_card,68.95
o00904,credit_card,30.4
o00905,credit_card,101.52
o00906,credit_card,78.64
o00907,boleto,221.8
o00908,credit_card,37.52
o00909,credit_card,175.15
o00910,credit_card,40.1
o00911,voucher,55.8
o00912,credit_card,32.85
o00913,credit_card,219.67
o00914,credit_card,85.62
o00915,credit_card,86.16
o00916,credit_card,41.99
o00917,credit_card,19.13
o00918,credit_card,54.58
o00919,credit_card,49.25
o00920,voucher,24.48
o00921,credit_card,56.54
o00922,boleto,69.02
o00923,credit_card,89.06
o00924,credit_card,20.36
o00925,credit_card,33.85
o00926,debit_card,42.75
o00927,credit_card,125.68
o00928,credit_card,124.15
o00929,boleto,82.92
o00930,voucher,56.0
o00931,credit_card,130.71
o00932,boleto,77.14
o00933,credit_card,126.06
o00934,credit_card,85.16
o00935,credit_card,26.11
o00936,credit_card,18.99
o00937,boleto,52.99
o00938,boleto,109.21
o00939,credit_card,48.91
o00940,credit_card,147.53
o00941,credit_card,103.19
o00942,credit_card,139.0
o00943,credit_card,53.78
o00944,credit_card,38.93
o00945,boleto,36.07
o00946,credit_card,89.93
o00947,boleto,27.22
o00948,boleto,28.08
o00949,credit_card,47.4
o00950,credit_card,75.49
o00951,credit_card,43.12
o00952,credit_card,124.33
o00953,boleto,140.31
o00954,credit_card,15.59
o00955,boleto,86.11
o00956,credit_card,49.04
o00957,credit_card,112.3
o00958,credit_card,87.85
o00959,credit_card,73.48
o00960,boleto,62.09
o00961,boleto,28.15
o00962,credit_card,246.24
o00963,credit_card,33.65
o00964,voucher,176.48
o00965,credit_card,98.12
o00966,credit_card,50.36
o00967,boleto,46.43
o00968,boleto,27.57
o00969,credit_card,68.14
o00970,credit_card,27.01
o00971,credit_card,128.93
o00972,credit_card,77.72
o00973,credit_card,65.63
o00974,credit_card,70.45
o00975,boleto,79.55
o00976,credit_card,55.25
o00977,credit_card,59.37
o00978,boleto,189.98
o00979,credit_card,120.81
o00980,boleto,95.6
o00981,credit_card,50.37
o00982,credit_card,22.56
o00983,credit_card,89.07
o00984,credit_card,70.34
o00985,credit_card,58.64
o00986,boleto,63.89
o00987,voucher,34.65
o00988,boleto,39.89
o00989,credit_card,120.97
o00990,credit_card,19.86
o00991,credit_card,110.29
o00992,credit_card,151.98
o00993,credit_card,87.96
o00994,credit_card,85.42
o00995,credit_card,39.71
o00996,credit_card,42.84
o00997,credit_card,52.63
o00998,boleto,31.11
o00999,credit_card,41.21
o01000,boleto,70.19
o01001,boleto,50.92
o01002,credit_card,73.74
o01003,credit_card,120.68
o01004,credit_card,73.41
o01005,credit_card,85.99
o01006,credit_card,26.79
o01007,credit_card,119.31
o01008,credit_card,26.45
o01009,boleto,49.03
o01010,boleto,35.53
o01011,credit_card,22.62
o01012,credit_card,71.24
o01013,credit_card,90.43
o01014,credit_card,154.65
o01015,credit_card,77.16
o01016,boleto,41.07
o01017,boleto,50.27
o01018,credit_card,24.25
o01019,credit_card,53.16
o01020,credit_card,65.09
o01021,credit_card,88.16
o01022,credit_card,102.84
o01023,credit_card,86.45
o01024,credit_card,38.85
o01025,boleto,33.42
o01026,credit_card,98.35
o01027,credit_card,22.26
o01028,credit_card,209.12
o01029,credit_card,43.08
o01030,credit_card,130.08
o01031,credit_card,47.26
o01032,boleto,91.72
o01033,boleto,34.02
o01034,debit_card,67.3
o01035,boleto,25.01
o01036,boleto,79.57
o01037,credit_card,33.73
o01038,credit_card,36.43
o01039,debit_card,51.7
o01040,credit_card,57.58
o01041,credit_card,88.24
o01042,credit_card,83.1
o01043,boleto,71.34
o01044,credit_card,110.07
o01045,credit_card,81.75
o01046,voucher,85.24
o01047,credit_card,36.26
o01048,credit_card,115.44
o01049,credit_card,106.67
o01050,voucher,73.32
o01051,credit_card,104.29
o01052,credit_card,64.41
o01053,credit_card,160.02
o01054,credit_card,69.52
o01055,credit_card,63.19
o01056,credit_card,82.1
o01057,credit_card,183.69
o01058,credit_card,48.06
o01059,credit_card,78.99
o01060,credit_card,49.98
o01061,credit_card,63.15
o01062,boleto,40.98
o01063,boleto,83.92
o01064,credit_card,66.32
o01065,credit_card,102.94
o01066,credit_card,121.12
o01067,credit_card,133.15
o01068,boleto,51.03
o01069,boleto,82.19
o01070,credit_card,138.82
o01071,credit_card,40.82
o01072,credit_card,70.36
o01073,debit_card,42.24
o01074,voucher,181.95
o01075,credit_card,137.77
o01076,credit_card,90.59
o01077,credit_card,89.74
o01078,boleto,44.35
o01079,boleto,148.75
o01080,credit_card,56.13
o01081,credit_card,46.65
o01082,credit_card,125.37
o01083,credit_card,53.29
o01084,credit_card,47.68
o01085,credit_card,106.62
o01086,credit_card,34.85
o01087,credit_card,91.25
o01088,voucher,70.81
o01089,credit_card,101.22
o01090,credit_card,85.41
o01091,boleto,271.68
o01092,credit_card,74.59
o01093,credit_card,53.2
o01094,credit_card,66.53
o01095,credit_card,84.88
o01096,credit_card,174.86
o01097,credit_card,94.78
o01098,voucher,43.13
o01099,credit_card,654.05
o01100,credit_card,117.96
o01101,credit_card,41.84
o01102,credit_card,36.39
o01103,credit_card,33.1
o01104,credit_card,64.61
o01105,boleto,66.12
o01106,credit_card,46.11
o01107,credit_card,30.79
o01108,credit_card,36.79
o01109,credit_card,95.92
o01110,debit_card,56.65
o01111,boleto,38.88
o01112,credit_card,70.67
o01113,credit_card,78.45
o01114,credit_card,83.45
o01115,credit_card,69.18
o01116,voucher,63.41
o01117,credit_card,132.12
o01118,credit_card,37.55
o01119,boleto,58.92
o01120,boleto,23.89
o01121,credit_card,54.82
o01122,boleto,73.5
o01123,credit_card,105.97
o01124,boleto,24.23
o01125,credit_card,72.28
o01126,credit_card,193.42
o01127,credit_card,13.72
o01128,boleto,87.12
o01129,credit_card,34.17
o01130,boleto,54.87
o01131,boleto,88.8
o01132,credit_card,47.23
o01133,credit_card,77.07
o01134,credit_card,74.52
o01135,debit_card,64.09
o01136,boleto,32.41
o01137,credit_card,44.62
o01138,credit_card,207.65
o01139,credit_card,52.96
o01140,credit_card,56.44
o01141,credit_card,56.28
o01142,credit_card,104.38
o01143,debit_card,144.62
o01144,credit_card,57.96
o01145,credit_card,64.89
o01146,credit_card,72.3
o01147,credit_card,111.62
o01148,credit_card,65.06
o01149,credit_card,69.01
o01150,credit_card,48.43
o01151,credit_card,78.09
o01152,credit_card,91.34
o01153,credit_card,95.09
o01154,credit_card,185.2
o01155,credit_card,43.02
o01156,voucher,66.55
o01157,credit_card,58.16
o01158,credit_card,162.62
o01159,credit_card,97.27
o01160,credit_card,27.98
o01161,credit_card,46.32
o01162,credit_card,54.5
o01163,credit_card,29.91
o01164,boleto,69.35
o01165,credit_card,49.53
o01166,credit_card,190.94
o01167,credit_card,77.73
o01168,debit_card,53.37
o01169,credit_card,38.77
o01170,voucher,16.24
o01171,credit_card,63.46
o01172,credit_card,153.28
o01173,credit_card,58.52
o01174,credit_card,63.76
o01175,voucher,259.86
o01176,credit_card,121.32
o01177,credit_card,76.47
o01178,credit_card,103.11
o01179,credit_card,80.86
o01180,credit_card,78.31
o01181,credit_card,27.28
o01182,credit_card,36.13
o01183,credit_card,71.96
o01184,boleto,40.56
o01185,credit_card,63.49
o01186,credit_card,34.53
o01187,boleto,121.94
o01188,credit_card,43.01
o01189,boleto,38.71
o01190,credit_card,30.89
o01191,boleto,94.46
o01192,credit_card,63.44
o01193,credit_card,119.14
o01194,credit_card,48.6
o01195,voucher,35.67
o01196,credit_card,61.91
o01197,boleto,134.43
o01198,boleto,26.97
o01199,credit_card,75.5
o01200,debit_card,79.86
o01201,credit_card,149.08
o01202,credit_card,41.44
o01203,credit_card,26.13
o01204,debit_card,51.14
o01205,debit_card,102.23
o01206,credit_card,65.69
o01207,boleto,84.71
o01208,credit_card,36.77
o01209,boleto,56.65
o01210,credit_card,67.03
o01211,credit_card,28.83
o01212,credit_card,66.81
o01213,credit_card,53.88
o01214,credit_card,316.1
o01215,credit_card,64.25
o01216,credit_card,154.55
o01217,credit_card,84.35
o01218,credit_card,60.09
o01219,credit_card,139.59
o01220,credit_card,34.18
o01221,credit_card,50.54
o01222,credit_card,105.93
o01223,credit_card,19.92
o01224,credit_card,63.1
o01225,boleto,62.8
o01226,credit_card,74.12
o01227,boleto,56.99
o01228,voucher,103.33
o01229,boleto,42.49
o01230,credit_card,112.25
o01231,boleto,36.24
o01232,credit_card,77.44
o01233,boleto,128.98
o01234,credit_card,40.64
o01235,boleto,45.73
o01236,boleto,114.7
o01237,credit_card,71.27
o01238,credit_card,26.28
o01239,credit_card,72.82
o01240,boleto,93.06
o01241,credit_card,117.66
o01242,voucher,76.4
o01243,credit_card,85.97
o01244,credit_card,165.03
o01245,boleto,107.84
o01246,debit_card,28.6
o01247,credit_card,55.88
o01248,boleto,59.8
o01249,credit_card,125.63
o01250,debit_card,134.9
o01251,credit_card,75.52
o01252,boleto,69.4
o01253,credit_card,54.95
o01254,credit_card,122.61
o01255,voucher,41.83
o01256,credit_card,50.6
o01257,boleto,122.37
o01258,credit_card,121.43
o01259,credit_card,239.7
o01260,credit_card,63.22
o01261,credit_card,55.4
o01262,credit_card,58.42
o01263,credit_card,27.78
o01264,credit_card,21.39
o01265,credit_card,76.25
o01266,boleto,53.19
o01267,boleto,43.33
o01268,voucher,68.85
o01269,credit_card,77.26
o01270,credit_card,60.86
o01271,boleto,61.72
o01272,credit_card,52.86
o01273,credit_card,97.25
o01274,credit_card,48.8
o01275,debit_card,38.79
o01276,boleto,51.7
o01277,boleto,74.32
o01278,credit_card,100.79
o01279,credit_card,187.81
o01280,boleto,69.04
o01281,credit_card,155.88
o01282,credit_card,46.69
o01283,voucher,42.57
o01284,credit_card,83.73
o01285,debit_card,91.03
o01286,credit_card,72.94
o01287,credit_card,321.9
o01288,boleto,48.04
o01289,credit_card,136.73
o01290,credit_card,43.15
o01291,credit_card,95.33
o01292,boleto,67.41
o01293,credit_card,75.76
o01294,boleto,84.24
o01295,credit_card,68.79
o01296,credit_card,61.6
o01297,credit_card,24.96
o01298,boleto,110.5
o01299,credit_card,33.25
o01300,credit_card,53.53
o01301,boleto,78.89
o01302,credit_card,36.27
o01303,boleto,61.56
o01304,voucher,102.96
o01305,credit_card,52.88
o01306,credit_card,62.12
o01307,voucher,39.91
o01308,credit_card,56.24
o01309,credit_card,33.7
o01310,voucher,73.72
o01311,credit_card,30.0
o01312,credit_card,47.11
o01313,credit_card,67.74
o01314,debit_card,59.36
o01315,credit_card,81.39
o01316,credit_card,62.23
o01317,boleto,24.92
o01318,credit_card,35.97
o01319,credit_card,65.98
o01320,credit_card,119.91
o01321,voucher,107.04
o01322,credit_card,315.04
o01323,credit_card,49.89
o01324,credit_card,100.89
o01325,boleto,96.68
o01326,credit_card,159.83
o01327,credit_card,132.32
o01328,credit_card,76.79
o01329,credit_card,91.35
o01330,credit_card,81.56
o01331,credit_card,64.63
o01332,credit_card,87.57
o01333,credit_card,72.44
o01334,boleto,70.75
o01335,credit_card,164.89
o01336,credit_card,77.63
o01337,boleto,69.05
o01338,credit_card,60.32
o01339,voucher,57.58
o01340,boleto,35.46
o01341,credit_card,64.66
o01342,credit_card,123.77
o01343,voucher,49.14
o01344,voucher,216.84
o01345,credit_card,20.38
o01346,credit_card,85.67
o01347,debit_card,233.25
o01348,voucher,73.95
o01349,credit_card,162.91
o01350,voucher,46.43
o01351,credit_card,33.49
o01352,credit_card,58.66
o01353,credit_card,53.87
o01354,boleto,27.6
o01355,boleto,69.4
o01356,boleto,51.57
o01357,credit_card,143.28
o01358,credit_card,70.03
o01359,boleto,43.52
o01360,credit_card,65.31
o01361,boleto,73.16
o01362,credit_card,90.5
o01363,credit_card,67.05
o01364,credit_card,209.06
o01365,boleto,34.9
o01366,credit_card,51.12
o01367,boleto,43.61
o01368,credit_card,55.18
o01369,credit_card,78.13
o01370,boleto,75.11
o01371,voucher,89.23
o01372,debit_card,69.8
o01373,credit_card,72.1
o01374,credit_card,70.57
o01375,credit_card,52.49
o01376,credit_card,50.49
o01377,credit_card,43.17
o01378,voucher,91.96
o01379,credit_card,22.1
o01380,boleto,71.24
o01381,debit_card,102.03
o01382,credit_card,118.51
o01383,credit_card,19.15
o01384,credit_card,53.34
o01385,credit_card,44.44
o01386,credit_card,51.07
o01387,credit_card,134.24
o01388,credit_card,44.59
o01389,credit_card,101.89
o01390,boleto,71.79
o01391,boleto,49.95
o01392,boleto,47.41
o01393,boleto,75.9
o01394,boleto,63.43
o01395,credit_card,26.72
o01396,boleto,39.53
o01397,credit_card,76.98
o01398,credit_card,34.15
o01399,boleto,110.61
o01400,credit_card,29.64
o01401,credit_card,57.02
o01402,credit_card,93.6
o01403,debit_card,38.01
o01404,boleto,33.06
o01405,credit_card,84.11
o01406,credit_card,103.81
o01407,credit_card,59.16
o01408,voucher,52.59
o01409,credit_card,29.11
o01410,credit_card,68.3
o01411,credit_card,24.85
o01412,credit_card,135.43
o01413,credit_card,60.69
o01414,boleto,39.93
o01415,credit_card,47.18
o01416,credit_card,71.16
o01417,boleto,51.22
o01418,boleto,64.94
o01419,credit_card,37.19
o01420,credit_card,119.95
o01421,credit_card,47.68
o01422,credit_card,21.59
o01423,credit_card,53.51
o01424,credit_card,44.09
o01425,voucher,115.11
o01426,credit_card,40.03
o01427,boleto,50.86
o01428,credit_card,72.24
o01429,credit_card,89.56
o01430,credit_card,141.19
o01431,credit_card,41.65
o01432,credit_card,131.31
o01433,boleto,112.42
o01434,credit_card,43.77
o01435,credit_card,41.24
o01436,credit_card,80.91
o01437,boleto,64.12
o01438,credit_card,80.8
o01439,credit_card,54.39
o01440,credit_card,67.59
o01441,voucher,60.89
o01442,credit_card,80.18
o01443,credit_card,40.54
o01444,credit_card,70.42
o01445,boleto,139.36
o01446,credit_card,134.3
o01447,credit_card,74.91
o01448,debit_card,40.14
o01449,credit_card,185.1
o01450,credit_card,80.2
o01451,credit_card,172.74
o01452,credit_card,82.06
o01453,credit_card,18.25
o01454,credit_card,184.27
o01455,credit_card,103.02
o01456,credit_card,66.22
o01457,credit_card,25.95
o01458,credit_card,109.82
o01459,credit_card,81.62
o01460,boleto,222.65
o01461,credit_card,161.25
o01462,voucher,169.32
o01463,credit_card,73.81
o01464,boleto,72.0
o01465,voucher,82.13
o01466,credit_card,46.13
o01467,credit_card,67.28
o01468,credit_card,60.21
o01469,credit_card,128.93
o01470,credit_card,146.11
o01471,credit_card,95.26
o01472,credit_card,42.38
o01473,credit_card,192.59
o01474,boleto,109.48
o01475,boleto,78.95
o01476,voucher,90.11
o01477,credit_card,31.7
o01478,credit_card,60.27
o01479,credit_card,136.02
o01480,voucher,30.97
o01481,credit_card,30.53
o01482,credit_card,109.9
o01483,credit_card,86.49
o01484,credit_card,31.14
o01485,credit_card,57.41
o01486,credit_card,78.96
o01487,credit_card,73.83
o01488,credit_card,82.5
o01489,credit_card,55.19
o01490,credit_card,75.93
o01491,credit_card,95.16
o01492,credit_card,90.94
o01493,voucher,56.05
o01494,voucher,100.44
o01495,credit_card,40.01
o01496,credit_card,47.17
o01497,credit_card,109.8
o01498,credit_card,99.2
o01499,credit_card,58.71
o01500,credit_card,46.69
o01501,credit_card,49.88
o01502,credit_card,92.75
o01503,credit_card,83.02
o01504,debit_card,45.24
o01505,credit_card,98.79
o01506,credit_card,57.37
o01507,boleto,40.67
o01508,credit_card,52.52
o01509,credit_card,70.07
o01510,voucher,96.77
o01511,credit_card,93.17
o01512,boleto,63.19
o01513,credit_card,74.63
o01514,boleto,60.32
o01515,credit_card,45.28
o01516,boleto,64.46
o01517,credit_card,25.85
o01518,credit_card,147.93
o01519,credit_card,73.57
o01520,credit_card,84.86
o01521,credit_card,46.26
o01522,boleto,73.23
o01523,credit_card,80.04
o01524,credit_card,58.83
o01525,debit_card,60.48
o01526,credit_card,33.97
o01527,credit_card,180.43
o01528,credit_card,45.93
o01529,credit_card,48.89
o01530,boleto,154.12
o01531,debit_card,87.09
o01532,voucher,97.23
o01533,boleto,32.95
o01534,credit_card,72.74
o01535,credit_card,33.13
o01536,credit_card,42.68
o01537,credit_card,198.66
o01538,credit_card,38.97
o01539,credit_card,94.59
o01540,credit_card,40.73
o01541,boleto,43.15
o01542,credit_card,291.9
o01543,credit_card,63.36
o01544,credit_card,31.85
o01545,boleto,96.9
o01546,credit_card,129.97
o01547,credit_card,102.12
o01548,credit_card,60.5
o01549,credit_card,61.56
o01550,credit_card,50.43
o01551,credit_card,36.76
o01552,credit_card,79.21
o01553,credit_card,58.96
o01554,credit_card,33.37
o01555,credit_card,64.19
o01556,boleto,46.07
o01557,boleto,76.94
o01558,credit_card,72.87
o01559,credit_card,54.77
o01560,credit_card,65.8
o01561,boleto,68.83
o01562,credit_card,109.78
o01563,voucher,64.54
o01564,credit_card,51.04
o01565,credit_card,57.58
o01566,voucher,171.31
o01567,voucher,41.44
o01568,boleto,59.52
o01569,credit_card,59.07
o01570,credit_card,60.36
o01571,voucher,27.7
o01572,credit_card,36.17
o01573,credit_card,57.41
o01574,credit_card,49.75
o01575,credit_card,76.75
o01576,boleto,119.35
o01577,boleto,80.04
o01578,credit_card,70.19
o01579,credit_card,84.42
o01580,credit_card,73.68
o01581,voucher,65.52
o01582,credit_card,107.33
o01583,credit_card,13.21
o01584,voucher,56.62
o01585,credit_card,35.94
o01586,credit_card,48.93
o01587,credit_card,45.83
o01588,boleto,203.71
o01589,credit_card,123.65
o01590,credit_card,70.64
o01591,boleto,46.4
o01592,credit_card,106.7
o01593,credit_card,69.21
o01594,credit_card,56.68
o01595,credit_card,69.5
o01596,credit_card,57.46
o01597,voucher,83.87
o01598,credit_card,34.44
o01599,credit_card,83.55
o01600,boleto,57.42
o01601,credit_card,108.09
o01602,credit_card,125.41
o01603,credit_card,142.48
o01604,voucher,244.22
o01605,credit_card,214.49
o01606,voucher,139.38
o01607,boleto,106.11
o01608,credit_card,36.67
o01609,credit_card,20.54
o01610,credit_card,114.75
o01611,boleto,42.57
o01612,credit_card,332.95
o01613,boleto,30.21
o01614,credit_card,103.48
o01615,boleto,73.56
o01616,credit_card,31.8
o01617,credit_card,73.31
o01618,credit_card,45.16
o01619,voucher,63.47
o01620,boleto,63.94
o01621,credit_card,45.48
o01622,voucher,54.88
o01623,credit_card,43.39
o01624,credit_card,26.32
o01625,credit_card,70.07
o01626,credit_card,138.93
o01627,credit_card,44.63
o01628,boleto,186.25
o01629,credit_card,213.82
o01630,credit_card,52.55
o01631,credit_card,58.98
o01632,credit_card,53.07
o01633,boleto,36.93
o01634,credit_card,59.13
o01635,credit_card,55.76
o01636,boleto,69.43
o01637,credit_card,71.46
o01638,credit_card,35.63
o01639,credit_card,91.71
o01640,credit_card,58.76
o01641,boleto,38.9
o01642,credit_card,58.08
o01643,boleto,72.95
o01644,boleto,155.91
o01645,credit_card,139.99
o01646,credit_card,50.34
o01647,credit_card,60.86
o01648,boleto,42.77
o01649,credit_card,79.46
o01650,credit_card,51.73
o01651,boleto,59.79
o01652,credit_card,117.22
o01653,credit_card,35.57
o01654,voucher,140.2
o01655,credit_card,83.84
o01656,credit_card,136.04
o01657,credit_card,99.96
o01658,boleto,110.91
o01659,voucher,67.59
o01660,boleto,38.42
o01661,credit_card,48.46
o01662,boleto,43.98
o01663,credit_card,23.64
o01664,credit_card,117.09
o01665,credit_card,63.57
o01666,credit_card,42.29
o01667,credit_card,207.94
o01668,credit_card,277.24
o01669,credit_card,33.51
o01670,credit_card,59.1
o01671,credit_card,57.13
o01672,credit_card,40.68
o01673,credit_card,115.41
o01674,credit_card,23.77
o01675,credit_card,171.86
o01676,credit_card,69.13
o01677,credit_card,195.8
o01678,credit_card,66.04
o01679,credit_card,57.02
o01680,debit_card,29.38
o01681,credit_card,121.07
o01682,boleto,194.9
o01683,boleto,173.39
o01684,credit_card,28.18
o01685,credit_card,144.17
o01686,boleto,55.57
o01687,credit_card,62.41
o01688,credit_card,54.97
o01689,credit_card,48.45
o01690,credit_card,59.45
o01691,voucher,39.97
o01692,debit_card,144.74
o01693,credit_card,99.13
o01694,boleto,76.3
o01695,credit_card,54.96
o01696,credit_card,50.08
o01697,credit_card,85.76
o01698,boleto,77.71
o01699,boleto,126.43
o01700,debit_card,201.66
o01701,credit_card,50.51
o01702,credit_card,48.1
o01703,boleto,96.72
o01704,credit_card,109.11
o01705,boleto,261.36
o01706,credit_card,27.55
o01707,boleto,150.01
o01708,credit_card,72.78
o01709,credit_card,51.99
o01710,credit_card,86.41
o01711,credit_card,84.71
o01712,boleto,52.76
o01713,boleto,28.5
o01714,credit_card,150.35
o01715,credit_card,46.01
o01716,credit_card,42.59
o01717,credit_card,48.24
o01718,boleto,105.89
o01719,voucher,56.08
o01720,credit_card,48.71
o01721,credit_card,83.18
o01722,voucher,76.69
o01723,credit_card,49.25
o01724,credit_card,28.25
o01725,credit_card,104.47
o01726,boleto,77.49
o01727,credit_card,24.28
o01728,voucher,164.91
o01729,credit_card,23.84
o01730,boleto,44.2
o01731,credit_card,45.62
o01732,boleto,49.62
o01733,credit_card,48.81
o01734,credit_card,34.93
o01735,credit_card,73.44
o01736,boleto,115.13
o01737,credit_card,72.89
o01738,boleto,79.88
o01739,credit_card,56.75
o01740,credit_card,71.35
o01741,credit_card,83.26
o01742,credit_card,99.16
o01743,credit_card,46.87
o01744,credit_card,43.9
o01745,credit_card,20.69
o01746,credit_card,198.74
o01747,credit_card,189.98
o01748,credit_card,64.89
o01749,credit_card,66.86
o01750,voucher,157.07
o01751,voucher,35.45
o01752,credit_card,41.72
o01753,credit_card,163.6
o01754,credit_card,56.45
o01755,boleto,38.93
o01756,debit_card,86.02
o01757,credit_card,47.0
o01758,boleto,145.36
o01759,credit_card,71.03
o01760,credit_card,47.95
o01761,credit_card,49.27
o01762,credit_card,83.7
o01763,voucher,60.08
o01764,voucher,56.0
o01765,credit_card,101.41
o01766,credit_card,158.52
o01767,credit_card,93.27
o01768,credit_card,45.18
o01769,credit_card,37.8
o01770,credit_card,97.96
o01771,credit_card,93.16
o01772,credit_card,53.94
o01773,credit_card,60.7
o01774,boleto,46.47
o01775,credit_card,38.23
o01776,credit_card,48.4
o01777,credit_card,18.5
o01778,credit_card,128.32
o01779,credit_card,32.67
o01780,credit_card,65.62
o01781,credit_card,22.15
o01782,voucher,91.37
o01783,credit_card,107.92
o01784,credit_card,68.84
o01785,credit_card,63.56
o01786,credit_card,46.37
o01787,credit_card,126.34
o01788,credit_card,29.48
o01789,voucher,52.14
o01790,credit_card,43.7
o01791,credit_card,42.95
o01792,credit_card,124.27
o01793,credit_card,61.49
o01794,boleto,46.19
o01795,credit_card,78.9
o01796,credit_card,75.31
o01797,voucher,106.75
o01798,debit_card,83.76
o01799,credit_card,63.0
o01800,debit_card,65.35
o01801,debit_card,28.58
o01802,voucher,81.69
o01803,credit_card,40.46
o01804,credit_card,74.45
o01805,credit_card,156.12
o01806,credit_card,68.88
o01807,credit_card,54.69
o01808,credit_card,54.32
o01809,debit_card,79.82
o01810,credit_card,72.22
o01811,voucher,93.87
o01812,credit_card,47.69
o01813,credit_card,59.65
o01814,credit_card,103.11
o01815,credit_card,108.01
o01816,credit_card,108.52
o01817,boleto,96.8
o01818,credit_card,98.72
o01819,boleto,74.37
o01820,credit_card,32.1
o01821,voucher,33.55
o01822,credit_card,68.16
o01823,credit_card,69.78
o01824,credit_card,42.47
o01825,credit_card,43.8
o01826,credit_card,62.79
o01827,boleto,220.03
o01828,credit_card,38.81
o01829,credit_card,53.25
o01830,credit_card,106.65
o01831,boleto,95.52
o01832,credit_card,77.55
o01833,boleto,25.83
o01834,boleto,57.93
o01835,boleto,179.27
o01836,credit_card,43.09
o01837,credit_card,42.28
o01838,credit_card,151.56
o01839,credit_card,62.72
o01840,credit_card,26.71
o01841,credit_card,36.48
o01842,credit_card,48.3
o01843,credit_card,75.5
o01844,credit_card,59.09
o01845,voucher,41.36
o01846,credit_card,59.54
o01847,boleto,43.07
o01848,credit_card,186.58
o01849,credit_card,35.54
o01850,credit_card,51.44
o01851,credit_card,47.79
o01852,credit_card,48.19
o01853,boleto,37.45
o01854,boleto,144.03
o01855,credit_card,232.6
o01856,credit_card,80.69
o01857,credit_card,76.81
o01858,credit_card,29.0
o01859,credit_card,141.74
o01860,credit_card,43.05
o01861,credit_card,27.51
o01862,credit_card,89.09
o01863,boleto,118.51
o01864,boleto,140.83
o01865,credit_card,51.78
o01866,voucher,48.76
o01867,credit_card,73.42
o01868,credit_card,59.1
o01869,debit_card,90.12
o01870,credit_card,73.86
o01871,debit_card,24.53
o01872,credit_card,41.35
o01873,debit_card,143.82
o01874,credit_card,90.44
o01875,boleto,116.8
o01876,credit_card,41.7
o01877,credit_card,88.94
o01878,boleto,15.12
o01879,credit_card,103.59
o01880,credit_card,72.27
o01881,credit_card,37.25
o01882,credit_card,68.62
o01883,credit_card,97.81
o01884,credit_card,121.78
o01885,credit_card,30.14
o01886,boleto,71.49
o01887,credit_card,33.27
o01888,credit_card,98.57
o01889,credit_card,114.35
o01890,credit_card,39.87
o01891,boleto,36.38
o01892,credit_card,47.6
o01893,boleto,60.25
o01894,credit_card,44.51
o01895,credit_card,103.82
o01896,credit_card,122.17
o01897,voucher,69.87
o01898,credit_card,45.25
o01899,credit_card,59.11
o01900,boleto,69.86
o01901,credit_card,57.78
o01902,debit_card,63.02
o01903,boleto,116.22
o01904,credit_card,43.83
o01905,credit_card,197.47
o01906,credit_card,71.0
o01907,boleto,56.19
o01908,credit_card,43.31
o01909,credit_card,45.14
o01910,credit_card,66.35
o01911,boleto,70.73
o01912,boleto,55.17
o01913,credit_card,33.14
o01914,credit_card,66.36
o01915,boleto,45.55
o01916,credit_card,26.66
o01917,credit_card,92.13
o01918,boleto,28.46
o01919,credit_card,53.97
o01920,credit_card,62.12
o01921,credit_card,132.57
o01922,credit_card,27.28
o01923,credit_card,97.92
o01924,voucher,107.06
o01925,credit_card,158.95
o01926,voucher,119.53
o01927,voucher,63.21
o01928,debit_card,29.13
o01929,credit_card,100.48
o01930,boleto,136.66
o01931,credit_card,24.26
o01932,credit_card,33.01
o01933,boleto,74.69
o01934,debit_card,106.34
o01935,credit_card,90.24
o01936,debit_card,78.4
o01937,boleto,157.46
o01938,credit_card,55.12
o01939,credit_card,44.63
o01940,boleto,49.86
o01941,credit_card,75.55
o01942,boleto,61.96
o01943,credit_card,109.93
o01944,credit_card,45.86
o01945,boleto,80.99
o01946,debit_card,100.69
o01947,credit_card,136.61
o01948,credit_card,35.78
o01949,credit_card,49.38
o01950,debit_card,59.61
o01951,boleto,30.97
o01952,credit_card,78.06
o01953,credit_card,77.39
o01954,credit_card,73.79
o01955,credit_card,57.74
o01956,boleto,127.23
o01957,credit_card,50.01
o01958,credit_card,120.03
o01959,credit_card,49.45
o01960,credit_card,35.33
o01961,debit_card,63.49
o01962,credit_card,69.93
o01963,credit_card,81.72
o01964,credit_card,21.13
o01965,credit_card,54.58
o01966,credit_card,187.6
o01967,credit_card,47.64
o01968,boleto,107.23
o01969,credit_card,339.37
o01970,boleto,212.28
o01971,voucher,37.88
o01972,credit_card,101.93
o01973,voucher,105.73
o01974,boleto,92.57
o01975,credit_card,34.95
o01976,boleto,73.47
o01977,credit_card,73.19
o01978,credit_card,32.68
o01979,credit_card,56.18
o01980,credit_card,75.27
o01981,credit_card,62.5
o01982,boleto,96.52
o01983,credit_card,55.45
o01984,credit_card,69.41
o01985,voucher,111.39
o01986,credit_card,172.5
o01987,credit_card,34.59
o01988,voucher,94.4
o01989,boleto,50.96
o01990,credit_card,82.3
o01991,credit_card,33.37
o01992,boleto,128.94
o01993,credit_card,43.15
o01994,credit_card,112.61
o01995,credit_card,35.48
o01996,credit_card,30.22
o01997,credit_card,58.48
o01998,credit_card,73.86
o01999,credit_card,226.35
o02000,credit_card,72.88
o02001,credit_card,37.83
o02002,credit_card,101.83
o02003,credit_card,142.8
o02004,credit_card,41.96
o02005,credit_card,110.12
o02006,credit_card,131.4
o02007,boleto,103.29
o02008,credit_card,46.42
o02009,credit_card,74.29
o02010,credit_card,82.24
o02011,voucher,126.56
o02012,credit_card,48.0
o02013,debit_card,111.8
o02014,credit_card,61.34
o02015,credit_card,54.58
o02016,credit_card,68.05
o02017,credit_card,19.53
o02018,credit_card,22.33
o02019,credit_card,25.17
o02020,credit_card,84.31
o02021,credit_card,57.85
o02022,credit_card,46.49
o02023,boleto,64.8
o02024,credit_card,113.39
o02025,voucher,24.08
o02026,credit_card,63.2
o02027,credit_card,37.34
o02028,credit_card,253.83
o02029,boleto,66.58
o02030,credit_card,132.14
o02031,credit_card,103.87
o02032,voucher,52.72
o02033,credit_card,170.79
o02034,voucher,19.68
o02035,credit_card,48.43
o02036,credit_card,83.47
o02037,credit_card,77.31
o02038,credit_card,81.44
o02039,credit_card,151.83
o02040,credit_card,67.53
o02041,voucher,228.95
o02042,credit_card,74.7
o02043,boleto,76.77
o02044,credit_card,219.39
o02045,credit_card,125.86
o02046,credit_card,29.54
o02047,boleto,49.37
o02048,boleto,70.12
o02049,credit_card,149.76
o02050,credit_card,159.55
o02051,credit_card,65.39
o02052,credit_card,48.54
o02053,credit_card,60.54
o02054,credit_card,71.53
o02055,credit_card,58.36
o02056,credit_card,134.28
o02057,credit_card,55.42
o02058,credit_card,42.24
o02059,credit_card,59.86
o02060,credit_card,79.54
o02061,credit_card,135.88
o02062,credit_card,40.62
o02063,credit_card,79.82
o02064,credit_card,81.2
o02065,credit_card,90.0
o02066,debit_card,55.39
o02067,credit_card,89.12
o02068,credit_card,102.3
o02069,credit_card,55.08
o02070,credit_card,74.64
o02071,credit_card,61.81
o02072,credit_card,45.05
o02073,boleto,33.77
o02074,boleto,48.42
o02075,credit_card,50.18
o02076,credit_card,33.52
o02077,credit_card,85.78
o02078,credit_card,106.67
o02079,credit_card,60.93
o02080,credit_card,65.8
o02081,credit_card,51.89
o02082,credit_card,63.82
o02083,credit_card,89.5
o02084,credit_card,79.91
o02085,boleto,63.62
o02086,boleto,50.17
o02087,credit_card,101.4
o02088,credit_card,52.8
o02089,boleto,34.77
o02090,voucher,72.21
o02091,credit_card,27.12
o02092,voucher,78.1
o02093,credit_card,81.33
o02094,credit_card,48.16
o02095,credit_card,51.66
o02096,credit_card,110.12
o02097,credit_card,204.38
o02098,credit_card,67.78
o02099,voucher,22.57
o02100,credit_card,48.65
o02101,voucher,81.74
o02102,credit_card,62.3
o02103,boleto,78.71
o02104,credit_card,72.34
o02105,credit_card,73.33
o02106,credit_card,23.34
o02107,credit_card,51.58
o02108,voucher,49.13
o02109,credit_card,48.78
o02110,credit_card,93.41
o02111,credit_card,36.27
o02112,credit_card,23.39
o02113,credit_card,48.24
o02114,voucher,43.45
o02115,credit_card,68.02
o02116,debit_card,43.3
o02117,credit_card,57.63
o02118,credit_card,53.46
o02119,credit_card,131.53
o02120,credit_card,43.85
o02121,credit_card,90.23
o02122,credit_card,63.4
o02123,credit_card,111.57
o02124,voucher,157.77
o02125,credit_card,62.88
o02126,credit_card,27.49
o02127,boleto,36.39
o02128,credit_card,32.44
o02129,credit_card,51.72
o02130,boleto,47.73
o02131,boleto,74.26
o02132,credit_card,106.44
o02133,credit_card,26.23
o02134,credit_card,65.96
o02135,credit_card,44.45
o02136,credit_card,67.19
o02137,voucher,51.83
o02138,credit_card,96.1
o02139,boleto,37.6
o02140,credit_card,45.84
o02141,credit_card,60.6
o02142,boleto,54.59
o02143,voucher,60.41
o02144,voucher,29.01
o02145,credit_card,142.46
o02146,boleto,49.85
o02147,credit_card,38.81
o02148,debit_card,37.64
o02149,boleto,61.34
o02150,credit_card,66.26
o02151,credit_card,184.9
o02152,credit_card,116.81
o02153,credit_card,54.02
o02154,credit_card,163.13
o02155,credit_card,142.67
o02156,credit_card,38.99
o02157,boleto,215.53
o02158,voucher,50.3
o02159,voucher,70.46
o02160,boleto,129.01
o02161,boleto,26.29
o02162,credit_card,60.43
o02163,credit_card,76.47
o02164,boleto,114.18
o02165,credit_card,64.57
o02166,credit_card,26.44
o02167,boleto,183.94
o02168,credit_card,65.81
o02169,credit_card,78.12
o02170,credit_card,30.45
o02171,voucher,138.66
o02172,boleto,50.67
o02173,credit_card,44.53
o02174,boleto,119.71
o02175,boleto,32.06
o02176,debit_card,78.75
o02177,credit_card,43.87
o02178,credit_card,84.0
o02179,voucher,96.94
o02180,credit_card,49.77
o02181,credit_card,133.52
o02182,credit_card,65.87
o02183,credit_card,185.82
o02184,boleto,120.63
o02185,credit_card,69.89
o02186,debit_card,20.43
o02187,credit_card,69.61
o02188,boleto,33.55
o02189,credit_card,119.61
o02190,credit_card,47.38
o02191,credit_card,74.03
o02192,credit_card,184.67
o02193,credit_card,131.95
o02194,credit_card,40.19
o02195,boleto,66.07
o02196,credit_card,78.22
o02197,credit_card,142.41
o02198,credit_card,129.16
o02199,voucher,89.76
o02200,credit_card,84.95
o02201,boleto,65.42
o02202,voucher,76.96
o02203,credit_card,57.55
o02204,voucher,102.35
o02205,boleto,87.49
o02206,boleto,116.97
o02207,credit_card,114.97
o02208,debit_card,191.39
o02209,credit_card,47.27
o02210,credit_card,20.99
o02211,boleto,45.47
o02212,credit_card,76.63
o02213,credit_card,57.59
o02214,credit_card,56.36
o02215,credit_card,44.12
o02216,credit_card,82.7
o02217,voucher,26.79
o02218,boleto,89.35
o02219,boleto,90.3
o02220,boleto,115.4
o02221,credit_card,367.0
o02222,credit_card,19.92
o02223,credit_card,88.0
o02224,credit_card,98.2
o02225,credit_card,45.53
o02226,credit_card,59.73
o02227,credit_card,51.02
o02228,credit_card,91.25
o02229,voucher,123.25
o02230,credit_card,35.69
o02231,boleto,83.29
o02232,boleto,139.63
o02233,credit_card,47.21
o02234,boleto,17.99
o02235,credit_card,41.61
o02236,boleto,39.3
o02237,boleto,42.71
o02238,credit_card,182.45
o02239,credit_card,212.87
o02240,credit_card,151.48
o02241,boleto,56.96
o02242,credit_card,155.36
o02243,boleto,21.15
o02244,credit_card,38.21
o02245,credit_card,103.83
o02246,credit_card,49.32
o02247,boleto,35.83
o02248,voucher,81.85
o02249,boleto,82.99
o02250,credit_card,87.67
o02251,credit_card,93.5
o02252,voucher,79.56
o02253,credit_card,62.77
o02254,debit_card,69.12
o02255,credit_card,104.7
o02256,credit_card,77.91
o02257,credit_card,52.12
o02258,credit_card,45.15
o02259,credit_card,68.8
o02260,credit_card,139.21
o02261,credit_card,94.34
o02262,voucher,144.04
o02263,debit_card,56.46
o02264,credit_card,74.71
o02265,credit_card,81.03
o02266,credit_card,107.61
o02267,credit_card,56.5
o02268,credit_card,94.2
o02269,credit_card,134.18
o02270,credit_card,64.62
o02271,credit_card,42.35
o02272,credit_card,137.1
o02273,credit_card,99.29
o02274,credit_card,31.98
o02275,credit_card,65.44
o02276,credit_card,190.17
o02277,voucher,89.87
o02278,credit_card,68.73
o02279,boleto,39.76
o02280,credit_card,39.7
o02281,credit_card,103.66
o02282,credit_card,41.47
o02283,boleto,81.36
o02284,credit_card,64.52
o02285,boleto,78.66
o02286,debit_card,61.6
o02287,boleto,87.51
o02288,credit_card,114.96
o02289,credit_card,62.15
o02290,credit_card,108.94
o02291,credit_card,148.15
o02292,credit_card,80.99
o02293,credit_card,102.11
o02294,credit_card,35.88
o02295,credit_card,62.84
o02296,boleto,30.28
o02297,voucher,51.53
o02298,credit_card,63.27
o02299,credit_card,201.77
o02300,credit_card,45.46
o02301,credit_card,67.03
o02302,credit_card,41.52
o02303,debit_card,60.47
o02304,credit_card,88.33
o02305,credit_card,96.63
o02306,credit_card,56.35
o02307,credit_card,48.74
o02308,boleto,16.31
o02309,credit_card,160.97
o02310,credit_card,54.21
o02311,credit_card,22.77
o02312,credit_card,134.64
o02313,credit_card,25.16
o02314,credit_card,134.77
o02315,credit_card,30.57
o02316,credit_card,33.46
o02317,credit_card,37.69
o02318,boleto,52.0
o02319,credit_card,135.61
o02320,credit_card,38.26
o02321,credit_card,88.18
o02322,credit_card,77.61
o02323,voucher,70.39
o02324,boleto,120.14
o02325,boleto,73.61
o02326,credit_card,76.76
o02327,boleto,101.57
o02328,debit_card,52.92
o02329,credit_card,67.39
o02330,credit_card,80.91
o02331,credit_card,113.1
o02332,boleto,62.8
o02333,voucher,66.75
o02334,voucher,87.01
o02335,credit_card,63.44
o02336,credit_card,46.02
o02337,credit_card,101.46
o02338,credit_card,73.84
o02339,credit_card,55.03
o02340,credit_card,37.66
o02341,credit_card,25.41
o02342,credit_card,89.59
o02343,credit_card,45.48
o02344,credit_card,29.7
o02345,credit_card,42.79
o02346,voucher,80.7
o02347,credit_card,45.26
o02348,credit_card,81.62
o02349,boleto,50.17
o02350,credit_card,67.16
o02351,boleto,70.37
o02352,voucher,98.26
o02353,credit_card,100.09
o02354,credit_card,68.36
o02355,credit_card,40.69
o02356,boleto,128.3
o02357,credit_card,54.44
o02358,boleto,19.13
o02359,credit_card,79.02
o02360,credit_card,80.82
o02361,voucher,55.58
o02362,credit_card,30.65
o02363,credit_card,27.7
o02364,credit_card,57.78
o02365,credit_card,38.75
o02366,boleto,112.86
o02367,boleto,56.59
o02368,credit_card,53.03
o02369,boleto,187.18
o02370,credit_card,20.42
o02371,credit_card,66.84
o02372,credit_card,25.79
o02373,credit_card,136.83
o02374,boleto,29.43
o02375,voucher,82.66
o02376,credit_card,76.16
o02377,credit_card,25.55
o02378,credit_card,83.01
o02379,credit_card,50.06
o02380,credit_card,92.33
o02381,credit_card,48.37
o02382,credit_card,83.2
o02383,credit_card,63.27
o02384,voucher,83.05
o02385,credit_card,91.34
o02386,credit_card,59.63
o02387,boleto,54.56
o02388,boleto,89.93
o02389,credit_card,50.45
o02390,credit_card,60.3
o02391,credit_card,154.29
o02392,credit_card,67.22
o02393,boleto,100.13
o02394,credit_card,46.57
o02395,boleto,82.52
o02396,voucher,61.14
o02397,credit_card,55.32
o02398,credit_card,24.65
o02399,voucher,39.0
o02400,voucher,11.32
o02401,voucher,23.16
o02402,credit_card,195.75
o02403,credit_card,62.86
o02404,voucher,67.47
o02405,debit_card,111.01
o02406,credit_card,78.16
o02407,credit_card,55.13
o02408,credit_card,55.42
o02409,credit_card,37.49
o02410,credit_card,86.45
o02411,debit_card,88.23
o02412,voucher,67.92
o02413,credit_card,61.99
o02414,credit_card,88.69
o02415,credit_card,37.06
o02416,voucher,80.54
o02417,credit_card,160.01
o02418,voucher,47.27
o02419,boleto,58.83
o02420,credit_card,133.07
o02421,credit_card,67.99
o02422,credit_card,104.86
o02423,credit_card,83.22
o02424,credit_card,87.2
o02425,credit_card,45.94
o02426,credit_card,45.21
o02427,credit_card,96.72
o02428,credit_card,31.92
o02429,credit_card,60.26
o02430,debit_card,36.78
o02431,boleto,88.75
o02432,credit_card,58.68
o02433,credit_card,62.31
o02434,debit_card,160.65
o02435,credit_card,108.0
o02436,credit_card,143.53
o02437,credit_card,254.68
o02438,credit_card,135.6
o02439,boleto,52.45
o02440,credit_card,42.08
o02441,boleto,52.83
o02442,boleto,89.61
o02443,credit_card,55.65
o02444,voucher,46.84
o02445,boleto,155.13
o02446,credit_card,54.72
o02447,credit_card,85.62
o02448,credit_card,84.35
o02449,boleto,24.93
o02450,credit_card,148.93
o02451,voucher,35.97
o02452,credit_card,30.44
o02453,boleto,51.54
o02454,credit_card,42.38
o02455,credit_card,133.88
o02456,boleto,77.45
o02457,credit_card,49.12
o02458,credit_card,29.9
o02459,credit_card,82.59
o02460,debit_card,57.36
o02461,debit_card,18.28
o02462,boleto,89.1
o02463,boleto,77.73
o02464,credit_card,43.07
o02465,boleto,95.78
o02466,credit_card,33.96
o02467,boleto,56.07
o02468,credit_card,60.13
o02469,credit_card,64.57
o02470,credit_card,32.97
o02471,credit_card,129.66
o02472,credit_card,43.02
o02473,voucher,26.78
o02474,credit_card,79.12
o02475,credit_card,193.8
o02476,credit_card,24.88
o02477,debit_card,38.81
o02478,credit_card,108.85
o02479,credit_card,67.06
o02480,boleto,33.58
o02481,credit_card,59.87
o02482,credit_card,162.38
o02483,credit_card,138.66
o02484,credit_card,292.5
o02485,credit_card,98.39
o02486,voucher,50.73
o02487,credit_card,107.67
o02488,credit_card,45.34
o02489,boleto,62.58
o02490,voucher,45.52
o02491,credit_card,98.15
o02492,credit_card,93.07
o02493,boleto,47.54
o02494,voucher,123.16
o02495,boleto,148.71
o02496,boleto,50.98
o02497,credit_card,83.48
o02498,credit_card,154.81
o02499,debit_card,79.35
o02500,credit_card,56.13
o02501,credit_card,63.95
o02502,credit_card,50.66
o02503,credit_card,125.56
o02504,credit_card,116.08
o02505,voucher,221.17
o02506,credit_card,44.78
o02507,credit_card,49.08
o02508,credit_card,30.67
o02509,boleto,90.0
o02510,boleto,36.43
o02511,credit_card,213.05
o02512,credit_card,42.38
o02513,voucher,222.31
o02514,boleto,14.4
o02515,credit_card,24.12
o02516,credit_card,35.75
o02517,boleto,77.98
o02518,credit_card,63.46
o02519,credit_card,41.94
o02520,boleto,61.77
o02521,voucher,48.07
o02522,credit_card,88.73
o02523,voucher,37.11
o02524,credit_card,71.89
o02525,credit_card,73.57
o02526,voucher,64.53
o02527,credit_card,82.74
o02528,credit_card,61.4
o02529,credit_card,97.52
o02530,credit_card,64.5
o02531,boleto,129.06
o02532,credit_card,71.68
o02533,credit_card,123.97
o02534,credit_card,48.55
o02535,boleto,39.2
o02536,boleto,97.09
o02537,credit_card,65.14
o02538,credit_card,20.67
o02539,credit_card,44.32
o02540,boleto,78.19
o02541,credit_card,62.14
o02542,boleto,43.35
o02543,boleto,64.84
o02544,credit_card,70.69
o02545,credit_card,26.84
o02546,credit_card,121.85
o02547,credit_card,139.58
o02548,credit_card,44.21
o02549,boleto,189.19
o02550,credit_card,62.45
o02551,credit_card,46.74
o02552,credit_card,46.03
o02553,credit_card,180.49
o02554,credit_card,37.47
o02555,voucher,71.52
o02556,credit_card,76.37
o02557,credit_card,97.48
o02558,voucher,68.41
o02559,boleto,171.59
o02560,credit_card,194.42
o02561,voucher,146.05
o02562,credit_card,80.64
o02563,credit_card,109.7
o02564,credit_card,55.68
o02565,credit_card,124.68
o02566,credit_card,48.13
o02567,credit_card,40.56
o02568,credit_card,40.0
o02569,credit_card,90.03
o02570,credit_card,157.61
o02571,credit_card,166.13
o02572,boleto,21.32
o02573,credit_card,113.83
o02574,credit_card,39.23
o02575,credit_card,251.76
o02576,credit_card,33.28
o02577,credit_card,27.09
o02578,credit_card,115.26
o02579,credit_card,53.92
o02580,credit_card,52.28
o02581,credit_card,43.86
o02582,voucher,47.66
o02583,credit_card,118.41
o02584,credit_card,39.93
o02585,credit_card,61.16
o02586,boleto,37.89
o02587,boleto,70.02
o02588,credit_card,51.83
o02589,credit_card,85.62
o02590,boleto,92.22
o02591,credit_card,159.4
o02592,credit_card,239.52
o02593,boleto,46.15
o02594,boleto,98.57
o02595,credit_card,51.36
o02596,credit_card,90.64
o02597,credit_card,88.4
o02598,credit_card,86.81
o02599,credit_card,103.16
o02600,credit_card,72.51
o02601,credit_card,54.04
o02602,credit_card,70.47
o02603,credit_card,226.33
o02604,credit_card,48.81
o02605,credit_card,56.3
o02606,credit_card,44.37
o02607,boleto,24.78
o02608,credit_card,64.16
o02609,credit_card,94.27
o02610,boleto,40.8
o02611,credit_card,143.33
o02612,credit_card,84.13
o02613,credit_card,119.1
o02614,credit_card,79.65
o02615,credit_card,61.0
o02616,credit_card,54.69
o02617,voucher,77.77
o02618,credit_card,81.78
o02619,credit_card,50.63
o02620,credit_card,60.19
o02621,credit_card,195.43
o02622,boleto,71.19
o02623,credit_card,75.26
o02624,credit_card,163.5
o02625,credit_card,82.39
o02626,credit_card,66.34
o02627,credit_card,116.99
o02628,debit_card,101.36
o02629,boleto,76.33
o02630,credit_card,80.05
o02631,debit_card,57.2
o02632,boleto,36.58
o02633,boleto,92.84
o02634,boleto,29.99
o02635,credit_card,37.36
o02636,credit_card,59.76
o02637,boleto,56.62
o02638,credit_card,98.78
o02639,boleto,114.55
o02640,credit_card,215.54
o02641,boleto,27.89
o02642,credit_card,86.55
o02643,credit_card,84.54
o02644,boleto,78.64
o02645,credit_card,92.82
o02646,boleto,104.59
o02647,credit_card,146.3
o02648,boleto,79.98
o02649,credit_card,176.78
o02650,voucher,80.31
o02651,credit_card,52.62
o02652,credit_card,76.28
o02653,boleto,42.58
o02654,voucher,43.67
o02655,boleto,62.47
o02656,credit_card,57.82
o02657,voucher,143.64
o02658,credit_card,62.05
o02659,boleto,39.61
o02660,credit_card,68.62
o02661,credit_card,79.86
o02662,credit_card,72.68
o02663,credit_card,38.66
o02664,credit_card,153.99
o02665,credit_card,26.49
o02666,boleto,72.07
o02667,boleto,38.05
o02668,credit_card,121.23
o02669,voucher,86.77
o02670,credit_card,79.86
o02671,debit_card,59.55
o02672,boleto,145.19
o02673,credit_card,59.47
o02674,boleto,187.76
o02675,boleto,43.05
o02676,credit_card,68.87
o02677,debit_card,102.88
o02678,credit_card,90.24
o02679,credit_card,65.95
o02680,boleto,28.09
o02681,credit_card,74.8
o02682,voucher,55.75
o02683,credit_card,49.05
o02684,credit_card,106.55
o02685,boleto,25.47
o02686,credit_card,67.27
o02687,credit_card,17.24
o02688,boleto,90.64
o02689,boleto,107.23
o02690,boleto,74.21
o02691,credit_card,53.01
o02692,credit_card,143.79
o02693,boleto,150.21
o02694,voucher,82.22
o02695,credit_card,165.5
o02696,credit_card,43.0
o02697,credit_card,63.74
o02698,credit_card,20.34
o02699,credit_card,36.75
o02700,credit_card,35.2
o02701,boleto,90.32
o02702,credit_card,37.99
o02703,voucher,24.74
o02704,credit_card,47.12
o02705,voucher,50.2
o02706,credit_card,33.35
o02707,credit_card,71.08
o02708,boleto,78.45
o02709,credit_card,29.58
o02710,credit_card,98.6
o02711,credit_card,41.53
o02712,credit_card,49.79
o02713,credit_card,87.17
o02714,credit_card,50.02
o02715,credit_card,37.03
o02716,credit_card,68.8
o02717,voucher,122.12
o02718,credit_card,112.98
o02719,credit_card,47.62
o02720,debit_card,40.05
o02721,voucher,44.18
o02722,debit_card,113.73
o02723,credit_card,43.81
o02724,boleto,160.0
o02725,credit_card,86.53
o02726,credit_card,64.56
o02727,credit_card,47.23
o02728,credit_card,69.32
o02729,credit_card,36.91
o02730,credit_card,30.02
o02731,credit_card,87.01
o02732,boleto,64.4
o02733,voucher,100.75
o02734,credit_card,77.02
o02735,credit_card,46.84
o02736,boleto,112.9
o02737,credit_card,49.68
o02738,credit_card,133.2
o02739,boleto,48.89
o02740,credit_card,32.32
o02741,credit_card,149.05
o02742,credit_card,48.04
o02743,boleto,49.78
o02744,credit_card,32.98
o02745,credit_card,61.58
o02746,credit_card,34.97
o02747,credit_card,143.34
o02748,boleto,53.66
o02749,boleto,40.43
o02750,credit_card,67.45
o02751,credit_card,235.43
o02752,credit_card,69.14
o02753,boleto,57.58
o02754,credit_card,66.58
o02755,credit_card,103.82
o02756,credit_card,98.23
o02757,credit_card,75.73
o02758,boleto,115.78
o02759,boleto,68.63
o02760,voucher,60.14
o02761,credit_card,67.81
o02762,voucher,49.04
o02763,credit_card,105.16
o02764,credit_card,47.85
o02765,boleto,23.34
o02766,voucher,29.93
o02767,debit_card,80.06
o02768,credit_card,43.94
o02769,credit_card,99.61
o02770,credit_card,64.73
o02771,credit_card,104.68
o02772,credit_card,24.3
o02773,credit_card,47.66
o02774,voucher,39.79
o02775,credit_card,271.3
o02776,credit_card,51.78
o02777,credit_card,29.73
o02778,credit_card,79.21
o02779,boleto,38.13
o02780,credit_card,111.34
o02781,voucher,123.02
o02782,boleto,39.98
o02783,debit_card,174.46
o02784,credit_card,44.59
o02785,boleto,75.12
o02786,credit_card,113.37
o02787,credit_card,80.02
o02788,credit_card,51.83
o02789,credit_card,32.41
o02790,credit_card,169.88
o02791,credit_card,81.11
o02792,credit_card,195.5
o02793,debit_card,25.67
o02794,boleto,87.83
o02795,credit_card,177.78
o02796,credit_card,42.57
o02797,credit_card,44.16
o02798,credit_card,58.91
o02799,credit_card,40.91
o02800,credit_card,27.59
o02801,boleto,46.5
o02802,credit_card,87.11
o02803,boleto,34.26
o02804,credit_card,36.1
o02805,voucher,48.01
o02806,credit_card,38.7
o02807,credit_card,49.41
o02808,boleto,61.26
o02809,credit_card,35.38
o02810,credit_card,48.58
o02811,credit_card,64.26
o02812,voucher,41.72
o02813,credit_card,32.4
o02814,credit_card,43.25
o02815,credit_card,53.35
o02816,credit_card,26.93
o02817,credit_card,87.88
o02818,credit_card,54.85
o02819,voucher,43.37
o02820,credit_card,28.89
o02821,credit_card,81.55
o02822,credit_card,123.8
o02823,boleto,47.47
o02824,credit_card,183.54
o02825,credit_card,62.64
o02826,boleto,63.88
o02827,credit_card,102.43
o02828,boleto,83.98
o02829,voucher,34.15
o02830,boleto,46.58
o02831,voucher,113.15
o02832,credit_card,84.95
o02833,credit_card,184.72
o02834,voucher,77.68
o02835,credit_card,86.61
o02836,credit_card,43.18
o02837,credit_card,122.6
o02838,credit_card,20.23
o02839,boleto,69.94
o02840,credit_card,88.11
o02841,boleto,74.84
o02842,debit_card,62.92
o02843,credit_card,59.22
o02844,credit_card,64.32
o02845,credit_card,36.7
o02846,credit_card,74.63
o02847,credit_card,43.42
o02848,voucher,47.49
o02849,boleto,34.73
o02850,credit_card,319.53
o02851,credit_card,71.77
o02852,credit_card,31.4
o02853,credit_card,67.75
o02854,credit_card,121.74
o02855,credit_card,74.17
o02856,voucher,62.04
o02857,credit_card,41.68
o02858,boleto,74.24
o02859,voucher,96.18
o02860,credit_card,96.79
o02861,credit_card,70.44
o02862,voucher,70.32
o02863,credit_card,134.62
o02864,boleto,125.73
o02865,voucher,57.46
o02866,credit_card,173.81
o02867,voucher,31.66
o02868,credit_card,72.17
o02869,voucher,76.22
o02870,credit_card,40.49
o02871,boleto,28.61
o02872,credit_card,40.93
o02873,credit_card,107.8
o02874,boleto,109.72
o02875,boleto,93.12
o02876,voucher,43.8
o02877,credit_card,110.56
o02878,credit_card,45.33
o02879,credit_card,74.61
o02880,credit_card,64.11
o02881,credit_card,52.23
o02882,credit_card,90.47
o02883,credit_card,101.18
o02884,credit_card,42.51
o02885,credit_card,66.16
o02886,credit_card,98.07
o02887,credit_card,16.53
o02888,boleto,80.2
o02889,voucher,99.28
o02890,credit_card,82.24
o02891,boleto,84.49
o02892,credit_card,61.64
o02893,credit_card,95.3
o02894,credit_card,33.69
o02895,credit_card,41.05
o02896,voucher,83.67
o02897,credit_card,95.48
o02898,credit_card,122.24
o02899,debit_card,142.92
o02900,credit_card,156.64
o02901,credit_card,44.1
o02902,boleto,36.38
o02903,credit_card,106.31
o02904,credit_card,51.06
o02905,credit_card,62.97
o02906,boleto,99.95
o02907,credit_card,72.1
o02908,voucher,93.55
o02909,voucher,42.05
o02910,credit_card,76.74
o02911,credit_card,75.86
o02912,voucher,120.9
o02913,credit_card,138.21
o02914,credit_card,50.48
o02915,credit_card,38.45
o02916,credit_card,96.79
o02917,boleto,27.39
o02918,credit_card,100.82
o02919,credit_card,105.52
o02920,credit_card,48.46
o02921,credit_card,17.99
o02922,debit_card,112.34
o02923,voucher,144.52
o02924,voucher,19.28
o02925,boleto,138.18
o02926,credit_card,141.1
o02927,credit_card,32.5
o02928,voucher,67.23
o02929,boleto,75.59
o02930,credit_card,69.44
o02931,credit_card,94.12
o02932,credit_card,37.27
o02933,credit_card,27.04
o02934,credit_card,23.32
o02935,credit_card,113.81
o02936,credit_card,32.33
o02937,boleto,69.19
o02938,credit_card,47.32
o02939,credit_card,48.42
o02940,credit_card,58.44
o02941,credit_card,49.51
o02942,credit_card,27.07
o02943,credit_card,58.46
o02944,credit_card,42.5
o02945,credit_card,41.45
o02946,credit_card,172.61
o02947,credit_card,29.98
o02948,credit_card,57.0
o02949,credit_card,72.5
o02950,boleto,172.74
o02951,credit_card,35.39
o02952,credit_card,133.58
o02953,credit_card,58.23
o02954,boleto,59.38
o02955,credit_card,90.91
o02956,credit_card,147.32
o02957,credit_card,49.31
o02958,credit_card,75.52
o02959,voucher,69.89
o02960,voucher,68.06
o02961,credit_card,100.22
o02962,credit_card,43.99
o02963,credit_card,52.86
o02964,credit_card,27.42
o02965,credit_card,86.8
o02966,boleto,66.36
o02967,credit_card,144.91
o02968,boleto,35.01
o02969,credit_card,187.91
o02970,credit_card,95.35
o02971,boleto,18.16
o02972,boleto,92.93
o02973,credit_card,46.73
o02974,credit_card,55.66
o02975,boleto,50.91
o02976,debit_card,128.37
o02977,credit_card,25.48
o02978,credit_card,60.0
o02979,credit_card,62.73
o02980,credit_card,49.99
o02981,credit_card,39.28
o02982,boleto,19.73
o02983,credit_card,60.53
o02984,boleto,86.67
o02985,credit_card,66.4
o02986,credit_card,39.3
o02987,debit_card,63.08
o02988,credit_card,146.06
o02989,boleto,44.97
o02990,boleto,71.75
o02991,credit_card,77.44
o02992,credit_card,31.04
o02993,voucher,54.3
o02994,boleto,54.64
o02995,credit_card,64.99
o02996,debit_card,125.66
o02997,credit_card,34.4
o02998,credit_card,130.65
o02999,boleto,90.46
o03000,credit_card,191.59
o03001,boleto,22.27
o03002,credit_card,17.36
o03003,credit_card,272.38
o03004,boleto,30.41
o03005,credit_card,40.7
o03006,credit_card,40.88
o03007,debit_card,35.49
o03008,credit_card,87.97
o03009,credit_card,56.76
o03010,boleto,43.88
o03011,debit_card,167.85
o03012,credit_card,20.67
o03013,credit_card,111.08
o03014,credit_card,61.95
o03015,credit_card,43.49
o03016,credit_card,46.19
o03017,credit_card,53.78
o03018,boleto,41.16
o03019,credit_card,100.63
o03020,credit_card,51.45
o03021,credit_card,92.22
o03022,debit_card,46.56
o03023,credit_card,71.06
o03024,credit_card,71.04
o03025,boleto,64.64
o03026,boleto,133.3
o03027,credit_card,142.04
o03028,credit_card,97.48
o03029,boleto,116.8
o03030,debit_card,94.36
o03031,credit_card,49.56
o03032,credit_card,59.27
o03033,credit_card,22.34
o03034,credit_card,37.93
o03035,credit_card,30.51
o03036,boleto,43.29
o03037,voucher,74.21
o03038,credit_card,48.63
o03039,credit_card,103.54
o03040,credit_card,38.66
o03041,boleto,89.71
o03042,credit_card,36.99
o03043,boleto,127.32
o03044,boleto,38.62
o03045,credit_card,82.24
o03046,credit_card,43.92
o03047,credit_card,156.36
o03048,credit_card,152.03
o03049,credit_card,80.66
o03050,credit_card,79.75
o03051,boleto,98.99
o03052,credit_card,88.83
o03053,credit_card,107.09
o03054,credit_card,38.19
o03055,boleto,64.65
o03056,boleto,45.58
o03057,voucher,150.48
o03058,credit_card,32.86
o03059,credit_card,168.64
o03060,voucher,65.28
o03061,credit_card,108.1
o03062,credit_card,48.41
o03063,voucher,31.55
o03064,credit_card,146.54
o03065,debit_card,84.83
o03066,credit_card,34.31
o03067,boleto,60.68
o03068,debit_card,58.24
o03069,boleto,83.13
o03070,boleto,38.1
o03071,credit_card,33.94
o03072,credit_card,69.5
o03073,credit_card,39.22
o03074,credit_card,149.6
o03075,credit_card,101.87
o03076,credit_card,100.08
o03077,credit_card,22.11
o03078,debit_card,49.43
o03079,voucher,54.86
o03080,credit_card,36.19
o03081,credit_card,89.02
o03082,credit_card,82.22
o03083,credit_card,97.66
o03084,voucher,115.36
o03085,voucher,111.76
o03086,credit_card,290.64
o03087,credit_card,63.51
o03088,boleto,57.76
o03089,credit_card,88.35
o03090,credit_card,128.47
o03091,credit_card,27.17
o03092,boleto,41.95
o03093,boleto,46.97
o03094,credit_card,67.06
o03095,credit_card,49.57
o03096,voucher,116.49
o03097,credit_card,72.33
o03098,voucher,60.29
o03099,boleto,82.65
o03100,credit_card,23.6
o03101,credit_card,80.36
o03102,credit_card,39.78
o03103,credit_card,103.91
o03104,boleto,25.4
o03105,credit_card,85.84
o03106,credit_card,40.33
o03107,credit_card,130.14
o03108,credit_card,28.21
o03109,voucher,65.72
o03110,boleto,94.97
o03111,credit_card,77.74
o03112,credit_card,77.45
o03113,credit_card,32.74
o03114,credit_card,31.72
o03115,credit_card,75.77
o03116,credit_card,69.4
o03117,credit_card,37.04
o03118,credit_card,36.01
o03119,boleto,60.8
o03120,credit_card,52.25
o03121,credit_card,186.86
o03122,credit_card,135.16
o03123,credit_card,101.62
o03124,credit_card,146.17
o03125,credit_card,45.23
o03126,boleto,48.73
o03127,credit_card,122.79
o03128,credit_card,65.61
o03129,credit_card,67.83
o03130,credit_card,34.84
o03131,boleto,119.26
o03132,credit_card,88.24
o03133,boleto,55.45
o03134,credit_card,48.92
o03135,credit_card,131.6
o03136,credit_card,45.52
o03137,credit_card,29.76
o03138,voucher,136.43
o03139,boleto,138.22
o03140,credit_card,45.42
o03141,credit_card,213.3
o03142,voucher,61.61
o03143,credit_card,45.68
o03144,boleto,86.57
o03145,credit_card,32.34
o03146,credit_card,39.08
o03147,credit_card,76.04
o03148,credit_card,68.67
o03149,debit_card,107.82
o03150,boleto,34.65
o03151,credit_card,187.78
o03152,debit_card,26.64
o03153,debit_card,51.73
o03154,credit_card,67.32
o03155,boleto,50.51
o03156,credit_card,32.22
o03157,boleto,63.39
o03158,credit_card,94.21
o03159,credit_card,58.37
o03160,credit_card,41.25
o03161,credit_card,110.03
o03162,credit_card,112.6
o03163,credit_card,56.77
o03164,boleto,78.72
o03165,credit_card,109.53
o03166,boleto,93.58
o03167,debit_card,77.47
o03168,boleto,91.34
o03169,credit_card,81.81
o03170,credit_card,65.37
o03171,credit_card,34.31
o03172,voucher,38.3
o03173,boleto,83.83
o03174,credit_card,50.24
o03175,credit_card,82.11
o03176,credit_card,33.88
o03177,credit_card,43.15
o03178,credit_card,58.37
o03179,credit_card,20.25
o03180,boleto,40.39
o03181,boleto,45.98
o03182,credit_card,71.42
o03183,credit_card,56.51
o03184,credit_card,73.53
o03185,debit_card,66.63
o03186,credit_card,55.3
o03187,credit_card,46.13
o03188,credit_card,67.86
o03189,credit_card,128.61
o03190,credit_card,46.0
o03191,credit_card,182.46
o03192,credit_card,68.56
o03193,boleto,104.54
o03194,boleto,79.22
o03195,boleto,85.87
o03196,credit_card,40.24
o03197,credit_card,50.02
o03198,voucher,26.89
o03199,credit_card,57.68
o03200,credit_card,90.53
o03201,credit_card,57.9
o03202,voucher,108.03
o03203,credit_card,52.53
o03204,credit_card,44.57
o03205,credit_card,48.94
o03206,credit_card,95.65
o03207,boleto,156.13
o03208,credit_card,195.59
o03209,credit_card,89.9
o03210,credit_card,105.04
o03211,boleto,29.7
o03212,credit_card,33.55
o03213,credit_card,41.09
o03214,credit_card,133.57
o03215,credit_card,132.36
o03216,credit_card,227.87
o03217,credit_card,40.64
o03218,voucher,61.32
o03219,credit_card,26.8
o03220,credit_card,31.12
o03221,credit_card,55.19
o03222,credit_card,41.52
o03223,credit_card,41.76
o03224,boleto,47.05
o03225,credit_card,143.45
o03226,voucher,117.27
o03227,credit_card,38.08
o03228,credit_card,115.28
o03229,voucher,43.17
o03230,credit_card,29.52
o03231,credit_card,46.21
o03232,credit_card,75.22
o03233,voucher,40.16
o03234,credit_card,88.96
o03235,debit_card,47.85
o03236,credit_card,78.25
o03237,credit_card,37.86
o03238,credit_card,64.54
o03239,credit_card,40.77
o03240,credit_card,56.03
o03241,credit_card,184.36
o03242,voucher,51.08
o03243,credit_card,33.2
o03244,boleto,66.74
o03245,credit_card,67.36
o03246,boleto,67.12
o03247,credit_card,86.03
o03248,credit_card,49.86
o03249,credit_card,90.9
o03250,credit_card,63.14
o03251,credit_card,32.33
o03252,debit_card,98.41
o03253,credit_card,70.21
o03254,credit_card,88.18
o03255,credit_card,34.09
o03256,debit_card,101.87
o03257,boleto,219.59
o03258,credit_card,32.9
o03259,credit_card,110.51
o03260,boleto,70.37
o03261,credit_card,63.5
o03262,credit_card,102.57
o03263,credit_card,96.07
o03264,credit_card,127.72
o03265,credit_card,34.72
o03266,credit_card,130.85
o03267,credit_card,77.82
o03268,boleto,27.16
o03269,credit_card,51.32
o03270,voucher,71.25
o03271,voucher,50.75
o03272,credit_card,59.41
o03273,boleto,47.21
o03274,debit_card,174.66
o03275,credit_card,311.18
o03276,credit_card,91.76
o03277,credit_card,66.56
o03278,credit_card,37.45
o03279,debit_card,127.93
o03280,credit_card,84.99
o03281,boleto,39.32
o03282,credit_card,39.45
o03283,credit_card,60.17
o03284,credit_card,66.92
o03285,credit_card,90.5
o03286,credit_card,62.29
o03287,credit_card,95.0
o03288,credit_card,50.78
o03289,credit_card,62.38
o03290,credit_card,130.94
o03291,boleto,97.53
o03292,credit_card,64.38
o03293,voucher,20.25
o03294,boleto,76.28
o03295,voucher,62.53
o03296,credit_card,31.26
o03297,boleto,17.08
o03298,credit_card,160.73
o03299,boleto,40.57
o03300,credit_card,52.77
o03301,credit_card,270.32
o03302,credit_card,36.75
o03303,credit_card,60.63
o03304,credit_card,136.48
o03305,voucher,185.0
o03306,boleto,84.31
o03307,credit_card,128.68
o03308,credit_card,57.42
o03309,credit_card,17.05
o03310,credit_card,121.53
o03311,credit_card,63.59
o03312,credit_card,53.99
o03313,debit_card,51.55
o03314,credit_card,93.91
o03315,credit_card,93.27
o03316,boleto,64.59
o03317,boleto,82.02
o03318,credit_card,36.41
o03319,credit_card,57.87
o03320,voucher,37.2
o03321,credit_card,36.6
o03322,credit_card,77.65
o03323,credit_card,66.47
o03324,credit_card,50.83
o03325,voucher,56.37
o03326,credit_card,81.35
o03327,credit_card,95.04
o03328,credit_card,86.31
o03329,debit_card,37.05
o03330,boleto,26.61
o03331,credit_card,19.75
o03332,credit_card,42.46
o03333,credit_card,19.86
o03334,boleto,148.37
o03335,credit_card,55.4
o03336,credit_card,32.22
o03337,credit_card,55.06
o03338,credit_card,23.87
o03339,voucher,32.57
o03340,boleto,52.94
o03341,credit_card,48.52
o03342,credit_card,52.72
o03343,boleto,82.83
o03344,credit_card,109.29
o03345,credit_card,68.78
o03346,credit_card,112.86
o03347,credit_card,49.09
o03348,credit_card,122.45
o03349,debit_card,69.38
o03350,credit_card,103.63
o03351,boleto,49.6
o03352,credit_card,67.67
o03353,credit_card,202.65
o03354,credit_card,67.4
o03355,voucher,108.71
o03356,boleto,117.04
o03357,voucher,90.17
o03358,credit_card,99.66
o03359,voucher,49.68
o03360,boleto,41.77
o03361,credit_card,37.46
o03362,credit_card,80.63
o03363,credit_card,66.35
o03364,boleto,77.52
o03365,credit_card,34.49
o03366,boleto,45.05
o03367,voucher,106.89
o03368,credit_card,72.03
o03369,voucher,69.66
o03370,credit_card,57.65
o03371,boleto,43.04
o03372,debit_card,125.01
o03373,credit_card,138.4
o03374,boleto,67.86
o03375,voucher,24.68
o03376,boleto,60.8
o03377,credit_card,145.0
o03378,credit_card,45.72
o03379,boleto,51.3
o03380,credit_card,103.89
o03381,voucher,50.86
o03382,debit_card,23.81
o03383,credit_card,65.78
o03384,credit_card,21.75
o03385,credit_card,140.54
o03386,credit_card,98.73
o03387,boleto,119.64
o03388,credit_card,39.95
o03389,credit_card,160.88
o03390,boleto,62.55
o03391,boleto,126.16
o03392,credit_card,79.4
o03393,credit_card,101.44
o03394,credit_card,82.87
o03395,boleto,50.66
o03396,credit_card,28.34
o03397,credit_card,132.37
o03398,credit_card,17.69
o03399,credit_card,108.23
o03400,credit_card,132.26
o03401,credit_card,31.62
o03402,credit_card,52.12
o03403,credit_card,29.97
o03404,credit_card,46.88
o03405,voucher,118.43
o03406,credit_card,100.76
o03407,voucher,92.91
o03408,credit_card,52.31
o03409,credit_card,18.51
o03410,voucher,33.77
o03411,credit_card,57.64
o03412,credit_card,37.34
o03413,credit_card,108.94
o03414,credit_card,164.31
o03415,debit_card,79.06
o03416,credit_card,31.44
o03417,credit_card,135.49
o03418,credit_card,69.69
o03419,credit_card,64.64
o03420,credit_card,88.43
o03421,credit_card,34.46
o03422,credit_card,52.76
o03423,credit_card,62.26
o03424,boleto,75.27
o03425,credit_card,79.61
o03426,credit_card,88.34
o03427,credit_card,47.52
o03428,credit_card,25.83
o03429,boleto,57.34
o03430,boleto,61.19
o03431,credit_card,25.31
o03432,debit_card,41.87
o03433,credit_card,46.21
o03434,boleto,71.49
o03435,credit_card,49.93
o03436,credit_card,69.91
o03437,credit_card,48.82
o03438,boleto,92.16
o03439,credit_card,38.78
o03440,credit_card,65.08
o03441,credit_card,66.81
o03442,credit_card,106.39
o03443,boleto,54.22
o03444,credit_card,162.75
o03445,credit_card,158.58
o03446,boleto,40.03
o03447,boleto,64.05
o03448,boleto,32.95
o03449,credit_card,84.42
o03450,credit_card,49.58
o03451,credit_card,69.17
o03452,credit_card,56.54
o03453,credit_card,302.02
o03454,credit_card,60.05
o03455,credit_card,57.27
o03456,credit_card,110.66
o03457,boleto,120.59
o03458,credit_card,74.79
o03459,credit_card,122.71
o03460,credit_card,263.49
o03461,credit_card,54.98
o03462,credit_card,34.81
o03463,debit_card,232.43
o03464,boleto,80.72
o03465,credit_card,115.6
o03466,boleto,153.94
o03467,credit_card,89.19
o03468,credit_card,65.95
o03469,debit_card,42.98
o03470,credit_card,132.72
o03471,credit_card,76.98
o03472,credit_card,26.12
o03473,credit_card,202.32
o03474,voucher,35.84
o03475,credit_card,116.96
o03476,voucher,73.48
o03477,credit_card,27.03
o03478,credit_card,61.86
o03479,credit_card,55.06
o03480,credit_card,29.96
o03481,boleto,84.29
o03482,credit_card,106.97
o03483,boleto,64.2
o03484,boleto,54.29
o03485,credit_card,88.03
o03486,credit_card,15.86
o03487,credit_card,51.14
o03488,voucher,53.13
o03489,credit_card,65.33
o03490,credit_card,29.09
o03491,credit_card,22.96
o03492,credit_card,37.52
o03493,credit_card,83.54
o03494,credit_card,52.66
o03495,credit_card,37.4
o03496,credit_card,180.47
o03497,credit_card,54.26
o03498,credit_card,65.55
o03499,credit_card,131.43
