customer_id,customer_unique_id,customer_state
c0000,u0000,PR
c0001,u0001,RJ
c0002,u0002,BA
c0003,u0003,RS
c0004,u0004,SP
c0005,u0005,DF
c0006,u0006,PR
c0007,u0007,PR
c0008,u0008,SP
c0009,u0009,RJ
c0010,u0010,SP
c0011,u0011,PE
c0012,u0012,MG
c0013,u0013,BA
c0014,u0014,RJ
c0015,u0015,SP
c0016,u0016,MG
c0017,u0017,SP
c0018,u0018,BA
c0019,u0019,MG
c0020,u0020,PR
c0021,u0021,SP
c0022,u0022,DF
c0023,u0023,SC
c0024,u0024,PR
c0025,u0025,SP
c0026,u0026,RJ
c0027,u0027,SP
c0028,u0028,SP
c0029,u0029,RS
c0030,u0030,RS
c0031,u0031,GO
c0032,u0032,SP
c0033,u0033,SP
c0034,u0034,RJ
c0035,u0035,SP
c0036,u0036,SP
c0037,u0037,RJ
c0038,u0038,SP
c0039,u0039,MG
c0040,u0040,RJ
c0041,u0041,BA
c0042,u0042,RS
c0043,u0043,SP
c0044,u0044,BA
c0045,u0045,PR
c0046,u0046,SP
c0047,u0047,SP
c0048,u0048,RS
c0049,u0049,SP
c0050,u0050,SP
c0051,u0051,SP
c0052,u0052,PR
c0053,u0053,MG
c0054,u0054,RS
c0055,u0055,PR
c0056,u0056,RJ
c0057,u0057,MG
c0058,u0058,SP
c0059,u0059,SP
c0060,u0060,MG
c0061,u0061,RJ
c0062,u0062,MG
c0063,u0063,PR
c0064,u0064,MG
c0065,u0065,MG
c0066,u0066,MG
c0067,u0067,SP
c0068,u0068,SP
c0069,u0069,RJ
c0070,u0070,SP
c0071,u0071,RJ
c0072,u0072,BA
c0073,u0073,SP
c0074,u0074,SP
c0075,u0075,SP
c0076,u0076,SP
c0077,u0077,MG
c0078,u0078,MG
c0079,u0079,PR
c0080,u0080,MG
c0081,u0081,RJ
c0082,u0082,PR
c0083,u0083,SP
c0084,u0084,SP
c0085,u0085,SP
c0086,u0086,RS
c0087,u0087,RJ
c0088,u0088,SP
c0089,u0089,RJ
c0090,u0090,SP
c0091,u0091,RS
c0092,u0092,RJ
c0093,u0093,SP
c0094,u0094,SP
c0095,u0095,MG
c0096,u0096,SP
c0097,u0097,SP
c0098,u0098,SP
c0099,u0099,GO
c0100,u0100,SC
c0101,u0101,RS
c0102,u0102,SP
c0103,u0103,GO
c0104,u0104,PR
c0105,u0105,RS
c0106,u0106,RJ
c0107,u0107,SP
c0108,u0108,SP
c0109,u0109,SC
c0110,u0110,RJ
c0111,u0111,SP
c0112,u0112,SP
c0113,u0113,MG
c0114,u0114,SP
c0115,u0115,BA
c0116,u0116,PR
c0117,u0117,RS
c0118,u0118,RJ
c0119,u0119,MG
c0120,u0120,MG
c0121,u0121,MG
c0122,u0122,SP
c0123,u0123,RJ
c0124,u0124,SP
c0125,u0125,RJ
c0126,u0126,SP
c0127,u0127,SP
c0128,u0128,SP
c0129,u0129,MG
c0130,u0130,SP
c0131,u0131,PE
c0132,u0132,MG
c0133,u0133,SP
c0134,u0134,MG
c0135,u0135,SP
c0136,u0136,GO
c0137,u0137,RJ
c0138,u0138,PR
c0139,u0139,SP
c0140,u0140,RJ
c0141,u0141,RJ
c0142,u0142,PE
c0143,u0143,MG
c0144,u0144,RJ
c0145,u0145,SP
c0146,u0146,SP
c0147,u0147,RJ
c0148,u0148,RJ
c0149,u0149,SP
c0150,u0150,BA
c0151,u0151,SC
c0152,u0152,SP
c0153,u0153,MG
c0154,u0154,SP
c0155,u0155,RS
c0156,u0156,SP
c0157,u0157,MG
c0158,u0158,RS
c0159,u0159,PR
c0160,u0160,SP
c0161,u0161,PE
c0162,u0162,SP
c0163,u0163,SP
c0164,u0164,MG
c0165,u0165,SP
c0166,u0166,BA
c0167,u0167,PR
c0168,u0168,SP
c0169,u0169,GO
c0170,u0170,SP
c0171,u0171,RJ
c0172,u0172,SP
c0173,u0173,PE
c0174,u0174,SP
c0175,u0175,SP
c0176,u0176,RJ
c0177,u0177,DF
c0178,u0178,SC
c0179,u0179,RS
c0180,u0180,SC
c0181,u0181,SC
c0182,u0182,RJ
c0183,u0183,SP
c0184,u0184,PR
c0185,u0185,MG
c0186,u0186,SP
c0187,u0187,SP
c0188,u0188,RS
c0189,u0189,SP
c0190,u0190,PE
c0191,u0191,SP
c0192,u0192,SP
c0193,u0193,BA
c0194,u0194,SP
c0195,u0195,SP
c0196,u0196,MG
c0197,u0197,SC
c0198,u0198,SP
c0199,u0199,SP
c0200,u0200,PR
c0201,u0201,DF
c0202,u0202,RJ
c0203,u0203,SP
c0204,u0204,SP
c0205,u0205,SP
c0206,u0206,SP
c0207,u0207,RS
c0208,u0208,SP
c0209,u0209,RJ
c0210,u0210,RS
c0211,u0211,MG
c0212,u0212,SP
c0213,u0213,PR
c0214,u0214,RS
c0215,u0215,RS
c0216,u0216,SP
c0217,u0217,SP
c0218,u0218,PE
c0219,u0219,SP
c0220,u0220,SP
c0221,u0221,RJ
c0222,u0222,MG
c0223,u0223,GO
c0224,u0224,SP
c0225,u0225,PE
c0226,u0226,SP
c0227,u0227,MG
c0228,u0228,MG
c0229,u0229,SP
c0230,u0230,SP
c0231,u0231,RJ
c0232,u0232,GO
c0233,u0233,MG
c0234,u0234,PE
c0235,u0235,PR
c0236,u0236,RJ
c0237,u0237,PR
c0238,u0238,SP
c0239,u0239,SP
c0240,u0240,BA
c0241,u0241,PR
c0242,u0242,SP
c0243,u0243,RJ
c0244,u0244,MG
c0245,u0245,BA
c0246,u0246,MG
c0247,u0247,RJ
c0248,u0248,SP
c0249,u0249,RJ
c0250,u0250,MG
c0251,u0251,BA
c0252,u0252,RJ
c0253,u0253,SP
c0254,u0254,SP
c0255,u0255,RS
c0256,u0256,PR
c0257,u0257,SP
c0258,u0258,SP
c0259,u0259,MG
c0260,u0260,SP
c0261,u0261,BA
c0262,u0262,SP
c0263,u0263,SP
c0264,u0264,PE
c0265,u0265,SP
c0266,u0266,SP
c0267,u0267,SP
c0268,u0268,SP
c0269,u0269,SP
c0270,u0270,SP
c0271,u0271,SP
c0272,u0272,SP
c0273,u0273,MG
c0274,u0274,RS
c0275,u0275,SP
c0276,u0276,SP
c0277,u0277,RJ
c0278,u0278,SC
c0279,u0279,BA
c0280,u0280,SP
c0281,u0281,SP
c0282,u0282,SP
c0283,u0283,SP
c0284,u0284,MG
c0285,u0285,RJ
c0286,u0286,SP
c0287,u0287,SP
c0288,u0288,RJ
c0289,u0289,SP
c0290,u0290,BA
c0291,u0291,SP
c0292,u0292,PE
c0293,u0293,SP
c0294,u0294,BA
c0295,u0295,SC
c0296,u0296,DF
c0297,u0297,PR
c0298,u0298,PR
c0299,u0299,MG
c0300,u0300,PR
c0301,u0301,SP
c0302,u0302,RJ
c0303,u0303,RJ
c0304,u0304,BA
c0305,u0305,RJ
c0306,u0306,SP
c0307,u0307,MG
c0308,u0308,SP
c0309,u0309,SP
c0310,u0310,RJ
c0311,u0311,RJ
c0312,u0312,SP
c0313,u0313,SP
c0314,u0314,SP
c0315,u0315,SP
c0316,u0316,SP
c0317,u0317,RS
c0318,u0318,SP
c0319,u0319,GO
c0320,u0320,PE
c0321,u0321,RJ
c0322,u0322,SP
c0323,u0323,RJ
c0324,u0324,BA
c0325,u0325,MG
c0326,u0326,PR
c0327,u0327,RJ
c0328,u0328,MG
c0329,u0329,SP
c0330,u0330,RS
c0331,u0331,SP
c0332,u0332,RS
c0333,u0333,BA
c0334,u0334,SP
c0335,u0335,MG
c0336,u0336,SP
c0337,u0337,RS
c0338,u0338,SP
c0339,u0339,PE
c0340,u0340,SP
c0341,u0341,GO
c0342,u0342,PR
c0343,u0343,MG
c0344,u0344,PR
c0345,u0345,PR
c0346,u0346,GO
c0347,u0347,SP
c0348,u0348,MG
c0349,u0349,SP
c0350,u0350,MG
c0351,u0351,SP
c0352,u0352,MG
c0353,u0353,MG
c0354,u0354,RJ
c0355,u0355,RJ
c0356,u0356,PR
c0357,u0357,PR
c0358,u0358,RJ
c0359,u0359,MG
c0360,u0360,PE
c0361,u0361,SP
c0362,u0362,SP
c0363,u0363,SP
c0364,u0364,MG
c0365,u0365,RJ
c0366,u0366,PR
c0367,u0367,RS
c0368,u0368,SP
c0369,u0369,SC
c0370,u0370,PR
c0371,u0371,SP
c0372,u0372,SP
c0373,u0373,SP
c0374,u0374,SP
c0375,u0375,SP
c0376,u0376,PE
c0377,u0377,RJ
c0378,u0378,SP
c0379,u0379,RS
c0380,u0380,MG
c0381,u0381,PE
c0382,u0382,PR
c0383,u0383,RJ
c0384,u0384,SP
c0385,u0385,DF
c0386,u0386,RS
c0387,u0387,GO
c0388,u0388,SP
c0389,u0389,BA
c0390,u0390,MG
c0391,u0391,SP
c0392,u0392,MG
c0393,u0393,RS
c0394,u0394,SP
c0395,u0395,RJ
c0396,u0396,BA
c0397,u0397,SP
c0398,u0398,RJ
c0399,u0399,RJ
c0400,u0400,SP
c0401,u0401,PE
c0402,u0402,PR
c0403,u0403,SP
c0404,u0404,DF
c0405,u0405,SC
c0406,u0406,SP
c0407,u0407,BA
c0408,u0408,SP
c0409,u0409,DF
c0410,u0410,MG
c0411,u0411,MG
c0412,u0412,SP
c0413,u0413,SC
c0414,u0414,SP
c0415,u0415,SP
c0416,u0416,SP
c0417,u0417,PR
c0418,u0418,SP
c0419,u0419,PE
c0420,u0420,MG
c0421,u0421,SP
c0422,u0422,SP
c0423,u0423,SP
c0424,u0424,MG
c0425,u0425,PR
c0426,u0426,SP
c0427,u0427,BA
c0428,u0428,SP
c0429,u0429,PR
c0430,u0430,PE
c0431,u0431,PR
c0432,u0432,RS
c0433,u0433,BA
c0434,u0434,SP
c0435,u0435,SP
c0436,u0436,SP
c0437,u0437,RJ
c0438,u0438,RS
c0439,u0439,MG
c0440,u0440,BA
c0441,u0441,SP
c0442,u0442,RS
c0443,u0443,SP
c0444,u0444,SP
c0445,u0445,RS
c0446,u0446,DF
c0447,u0447,MG
c0448,u0448,SP
c0449,u0449,MG
c0450,u0450,SP
c0451,u0451,SC
c0452,u0452,RS
c0453,u0453,SP
c0454,u0454,SP
c0455,u0455,SP
c0456,u0456,DF
c0457,u0457,RJ
c0458,u0458,PR
c0459,u0459,MG
c0460,u0460,MG
c0461,u0461,SP
c0462,u0462,GO
c0463,u0463,SP
c0464,u0464,MG
c0465,u0465,RS
c0466,u0466,MG
c0467,u0467,GO
c0468,u0468,SP
c0469,u0469,RJ
c0470,u0470,RJ
c0471,u0471,RJ
c0472,u0472,SP
c0473,u0473,SP
c0474,u0474,SP
c0475,u0475,SP
c0476,u0476,RJ
c0477,u0477,MG
c0478,u0478,MG
c0479,u0479,RJ
c0480,u0480,RJ
c0481,u0481,SP
c0482,u0482,MG
c0483,u0483,SP
c0484,u0484,SP
c0485,u0485,RJ
c0486,u0486,RJ
c0487,u0487,SP
c0488,u0488,MG
c0489,u0489,MG
c0490,u0490,RS
c0491,u0491,MG
c0492,u0492,MG
c0493,u0493,SP
c0494,u0494,PR
c0495,u0495,RJ
c0496,u0496,RJ
c0497,u0497,MG
c0498,u0498,SP
c0499,u0499,RJ
c0500,u0500,RS
c0501,u0501,SC
c0502,u0502,PE
c0503,u0503,RJ
c0504,u0504,RJ
c0505,u0505,PR
c0506,u0506,SP
c0507,u0507,BA
c0508,u0508,RJ
c0509,u0509,SP
c0510,u0510,SP
c0511,u0511,BA
c0512,u0512,SP
c0513,u0513,SP
c0514,u0514,SP
c0515,u0515,SP
c0516,u0516,SP
c0517,u0517,RS
c0518,u0518,SP
c0519,u0519,BA
c0520,u0520,BA
c0521,u0521,SP
c0522,u0522,SP
c0523,u0523,MG
c0524,u0524,SP
c0525,u0525,SP
c0526,u0526,GO
c0527,u0527,DF
c0528,u0528,PR
c0529,u0529,SP
c0530,u0530,RS
c0531,u0531,RS
c0532,u0532,SP
c0533,u0533,MG
c0534,u0534,SP
c0535,u0535,SP
c0536,u0536,RJ
c0537,u0537,SP
c0538,u0538,SP
c0539,u0539,BA
c0540,u0540,DF
c0541,u0541,MG
c0542,u0542,BA
c0543,u0543,DF
c0544,u0544,SP
c0545,u0545,RJ
c0546,u0546,SP
c0547,u0547,SP
c0548,u0548,PR
c0549,u0549,RJ
c0550,u0550,RJ
c0551,u0551,SP
c0552,u0552,SP
c0553,u0553,SC
c0554,u0554,SP
c0555,u0555,SP
c0556,u0556,SP
c0557,u0557,RJ
c0558,u0558,MG
c0559,u0559,RJ
c0560,u0560,SP
c0561,u0561,SP
c0562,u0562,BA
c0563,u0563,MG
c0564,u0564,MG
c0565,u0565,RS
c0566,u0566,PR
c0567,u0567,SP
c0568,u0568,SP
c0569,u0569,RJ
c0570,u0570,SP
c0571,u0571,BA
c0572,u0572,RJ
c0573,u0573,PR
c0574,u0574,BA
c0575,u0575,RJ
c0576,u0576,SC
c0577,u0577,MG
c0578,u0578,BA
c0579,u0579,SP
c0580,u0580,RJ
c0581,u0581,RJ
c0582,u0582,SP
c0583,u0583,SP
c0584,u0584,PE
c0585,u0585,MG
c0586,u0586,SP
c0587,u0587,SP
c0588,u0588,SP
c0589,u0589,SP
c0590,u0590,PE
c0591,u0591,RJ
c0592,u0592,SP
c0593,u0593,MG
c0594,u0594,SP
c0595,u0595,SP
c0596,u0596,RS
c0597,u0597,MG
c0598,u0598,DF
c0599,u0599,MG
c0600,u0600,RJ
c0601,u0601,PR
c0602,u0602,SC
c0603,u0603,RS
c0604,u0604,GO
c0605,u0605,PR
c0606,u0606,BA
c0607,u0607,SP
c0608,u0608,RS
c0609,u0609,RJ
c0610,u0610,MG
c0611,u0611,MG
c0612,u0612,GO
c0613,u0613,DF
c0614,u0614,SP
c0615,u0615,RS
c0616,u0616,RS
c0617,u0617,SP
c0618,u0618,SP
c0619,u0619,SP
c0620,u0620,PR
c0621,u0621,RJ
c0622,u0622,DF
c0623,u0623,RJ
c0624,u0624,DF
c0625,u0625,RJ
c0626,u0626,PR
c0627,u0627,SP
c0628,u0628,MG
c0629,u0629,PR
c0630,u0630,PE
c0631,u0631,BA
c0632,u0632,SP
c0633,u0633,SP
c0634,u0634,SP
c0635,u0635,SP
c0636,u0636,RS
c0637,u0637,RS
c0638,u0638,PR
c0639,u0639,BA
c0640,u0640,RS
c0641,u0641,PR
c0642,u0642,SP
c0643,u0643,SP
c0644,u0644,MG
c0645,u0645,BA
c0646,u0646,SP
c0647,u0647,RJ
c0648,u0648,RS
c0649,u0649,SP
c0650,u0650,RJ
c0651,u0651,SC
c0652,u0652,RS
c0653,u0653,SP
c0654,u0654,BA
c0655,u0655,SP
c0656,u0656,BA
c0657,u0657,SP
c0658,u0658,MG
c0659,u0659,SP
c0660,u0660,SP
c0661,u0661,SC
c0662,u0662,SP
c0663,u0663,SP
c0664,u0664,SP
c0665,u0665,RS
c0666,u0666,PR
c0667,u0667,DF
c0668,u0668,SP
c0669,u0669,RJ
c0670,u0670,SP
c0671,u0671,MG
c0672,u0672,DF
c0673,u0673,RS
c0674,u0674,MG
c0675,u0675,SP
c0676,u0676,PE
c0677,u0677,RJ
c0678,u0678,SP
c0679,u0679,SP
c0680,u0680,SP
c0681,u0681,SP
c0682,u0682,SP
c0683,u0683,RJ
c0684,u0684,MG
c0685,u0685,SP
c0686,u0686,RJ
c0687,u0687,GO
c0688,u0688,PR
c0689,u0689,RJ
c0690,u0690,SP
c0691,u0691,SC
c0692,u0692,SP
c0693,u0693,SP
c0694,u0694,SC
c0695,u0695,RJ
c0696,u0696,RS
c0697,u0697,MG
c0698,u0698,MG
c0699,u0699,SP
c0700,u0700,SP
c0701,u0701,SP
c0702,u0702,SP
c0703,u0703,SC
c0704,u0704,SP
c0705,u0705,MG
c0706,u0706,PR
c0707,u0707,PR
c0708,u0708,RJ
c0709,u0709,RJ
c0710,u0710,DF
c0711,u0711,RS
c0712,u0712,PR
c0713,u0713,SC
c0714,u0714,PR
c0715,u0715,SP
c0716,u0716,MG
c0717,u0717,SP
c0718,u0718,MG
c0719,u0719,GO
c0720,u0720,RJ
c0721,u0721,RJ
c0722,u0722,SP
c0723,u0723,GO
c0724,u0724,SP
c0725,u0725,SP
c0726,u0726,SP
c0727,u0727,SP
c0728,u0728,RJ
c0729,u0729,RJ
c0730,u0730,SP
c0731,u0731,SP
c0732,u0732,SP
c0733,u0733,SP
c0734,u0734,SP
c0735,u0735,RS
c0736,u0736,SP
c0737,u0737,SP
c0738,u0738,SP
c0739,u0739,RJ
c0740,u0740,SP
c0741,u0741,SP
c0742,u0742,BA
c0743,u0743,SP
c0744,u0744,RJ
c0745,u0745,RJ
c0746,u0746,SP
c0747,u0747,RJ
c0748,u0748,PR
c0749,u0749,BA
c0750,u0750,SP
c0751,u0751,SP
c0752,u0752,SP
c0753,u0753,RJ
c0754,u0754,RS
c0755,u0755,SP
c0756,u0756,SP
c0757,u0757,PE
c0758,u0758,SP
c0759,u0759,RJ
c0760,u0760,RS
c0761,u0761,SP
c0762,u0762,SP
c0763,u0763,SP
c0764,u0764,PE
c0765,u0765,SP
c0766,u0766,SP
c0767,u0767,SP
c0768,u0768,SP
c0769,u0769,MG
c0770,u0770,SP
c0771,u0771,MG
c0772,u0772,MG
c0773,u0773,BA
c0774,u0774,SP
c0775,u0775,BA
c0776,u0776,MG
c0777,u0777,SP
